SOURCE,TARGET,WEIGHT
ABE,ATL,1572.0
ABE,CLT,824.0
ABE,DTW,779.5
ABE,IAD,1500.0
ABE,ORD,805.0
ABE,PIE,1597.0
ABE,SFB,1585.0
ABI,DFW,338.8
ABQ,ATL,884.5
ABQ,AUS,1537.0
ABQ,BWI,936.0
ABQ,DAL,460.25
ABQ,DEN,436.25
ABQ,DFW,304.0
ABQ,HOU,841.0
ABQ,IAH,604.0
ABQ,JFK,1668.0
ABQ,LAS,813.5
ABQ,LAX,367.6
ABQ,MCI,1545.0
ABQ,OAK,1588.0
ABQ,ORD,813.5
ABQ,PDX,1460.0
ABQ,PHX,361.8
ABQ,SAN,1555.0
ABQ,SAT,1539.0
ABQ,SEA,1631.0
ABQ,SFO,1590.0
ABQ,SLC,817.0
ABR,MSP,784.5
ABY,ATL,775.5
ACT,DFW,409.25
ACV,DEN,1599.0
ACV,LAX,1543.0
ACV,PHX,1563.0
ACV,SFO,787.0
ACY,FLL,1596.0
ACY,MCO,858.0
ACY,MIA,1460.0
ACY,MYR,1535.0
ACY,PBI,1583.0
ACY,RSW,882.0
ACY,TPA,1588.0
AEX,ATL,815.5
AEX,CLT,1555.0
AEX,DFW,799.5
AEX,IAH,1500.0
AGS,ATL,413.0
AGS,CLT,416.0
AGS,DCA,1525.0
ALB,ATL,876.0
ALB,BWI,560.0
ALB,CLT,610.0
ALB,DCA,807.5
ALB,DTW,835.0
ALB,EWR,772.0
ALB,IAD,808.0
ALB,MCO,499.25
ALB,MDW,1460.0
ALB,MIA,1645.0
ALB,ORD,1460.0
ALB,PHL,793.5
ALB,TPA,906.0
ALO,ORD,740.0
ALS,DEN,1460.0
ALW,SEA,766.0
AMA,DAL,794.5
AMA,DEN,1516.0
AMA,DFW,788.0
AMA,IAH,827.5
AMA,LAS,1569.0
APN,DTW,1506.0
ART,PHL,1511.0
ASE,ATL,1619.0
ASE,AUS,1570.0
ASE,DEN,275.16666666666663
ASE,DFW,369.0
ASE,IAH,412.25
ASE,LAX,285.2857142857143
ASE,ORD,281.3333333333333
ASE,PHX,1460.0
ASE,SFO,796.0
ASE,SNA,1559.0
ATL,ABE,1542.0
ATL,ABQ,931.5
ATL,ABY,772.0
ATL,AEX,829.0
ATL,AGS,409.5
ATL,ALB,842.0
ATL,ASE,1688.0
ATL,ATW,1561.0
ATL,AUS,366.6666666666667
ATL,AVL,521.0
ATL,BDL,483.75
ATL,BHM,335.8
ATL,BMI,819.0
ATL,BNA,301.16666666666663
ATL,BOS,233.0
ATL,BQK,784.0
ATL,BTR,574.3333333333334
ATL,BTV,1571.0
ATL,BUF,827.5
ATL,BWI,279.625
ATL,BZN,1679.0
ATL,CAE,416.5
ATL,CHA,517.0
ATL,CHO,809.0
ATL,CHS,339.6
ATL,CID,1564.0
ATL,CLE,333.8333333333333
ATL,CLT,185.75
ATL,CMH,359.0
ATL,CRW,1519.0
ATL,CSG,763.0
ATL,CVG,421.5
ATL,DAB,555.3333333333334
ATL,DAL,340.1428571428572
ATL,DAY,560.3333333333334
ATL,DCA,203.0769230769231
ATL,DEN,311.2307692307692
ATL,DFW,233.1538461538462
ATL,DHN,775.5
ATL,DSM,849.0
ATL,DTW,236.9
ATL,ECP,424.5
ATL,ELP,934.0
ATL,EVV,797.5
ATL,EWR,218.4
ATL,EYW,362.0
ATL,FAY,791.5
ATL,FLL,167.95238095238096
ATL,FSD,1595.0
ATL,FWA,818.5
ATL,GNV,534.0
ATL,GPT,802.5
ATL,GRB,1559.0
ATL,GRR,585.3333333333334
ATL,GSO,429.75
ATL,GSP,286.1666666666667
ATL,GTR,788.0
ATL,HDN,1658.0
ATL,HHH,785.5
ATL,HOU,338.42857142857144
ATL,HPN,573.3333333333334
ATL,HSV,522.6666666666667
ATL,IAD,305.2857142857143
ATL,IAH,241.3333333333333
ATL,ICT,863.0
ATL,ILM,557.3333333333334
ATL,IND,358.4
ATL,ISP,1565.0
ATL,JAC,1680.0
ATL,JAN,367.0
ATL,JAX,263.57142857142856
ATL,JFK,326.57142857142856
ATL,LAS,401.45454545454544
ATL,LAX,390.25
ATL,LEX,551.0
ATL,LFT,824.0
ATL,LGA,205.4375
ATL,LIT,457.25
ATL,MCI,331.3333333333333
ATL,MCO,155.6315789473684
ATL,MDT,821.0
ATL,MDW,380.0
ATL,MEM,318.0
ATL,MGM,533.0
ATL,MIA,171.68421052631578
ATL,MKE,354.0
ATL,MLB,567.0
ATL,MLI,785.5
ATL,MLU,818.5
ATL,MOB,560.0
ATL,MSN,846.0
ATL,MSP,305.0
ATL,MSY,261.5
ATL,MTJ,1670.0
ATL,MYR,414.25
ATL,OAJ,798.5
ATL,OKC,503.5
ATL,OMA,501.0
ATL,ONT,881.0
ATL,ORD,197.63636363636363
ATL,ORF,431.25
ATL,PBI,242.44444444444449
ATL,PDX,884.0
ATL,PHL,231.9090909090909
ATL,PHX,461.1428571428572
ATL,PIT,363.4
ATL,PNS,356.8
ATL,PVD,843.0
ATL,PWM,1573.0
ATL,RDU,256.375
ATL,RIC,312.8333333333333
ATL,RNO,1751.0
ATL,ROA,791.0
ATL,ROC,783.0
ATL,RSW,234.7
ATL,SAN,579.0
ATL,SAT,443.8
ATL,SAV,346.6
ATL,SBN,828.5
ATL,SDF,348.6
ATL,SEA,460.75
ATL,SFO,599.4
ATL,SGF,834.0
ATL,SHV,591.0
ATL,SJC,1753.0
ATL,SJU,560.75
ATL,SLC,422.375
ATL,SMF,1026.5
ATL,SNA,1006.5
ATL,SRQ,372.8
ATL,STL,334.8333333333333
ATL,STT,685.3333333333333
ATL,STX,1656.0
ATL,SYR,831.5
ATL,TLH,543.3333333333334
ATL,TPA,172.6
ATL,TRI,539.0
ATL,TTN,1544.0
ATL,TUL,611.0
ATL,TUS,970.0
ATL,TYS,411.25
ATL,VLD,1498.0
ATL,VPS,425.25
ATL,XNA,835.5
ATW,ATL,1575.0
ATW,AZA,1663.0
ATW,BNA,1550.0
ATW,CLT,1573.0
ATW,DEN,1621.0
ATW,DTW,788.0
ATW,MSP,761.5
ATW,ORD,1460.0
AUS,ABQ,1552.0
AUS,ASE,1620.0
AUS,ATL,339.6666666666667
AUS,BNA,396.2
AUS,BOS,681.0
AUS,BUR,1645.0
AUS,BWI,659.6666666666666
AUS,CLT,502.5
AUS,CVG,1568.0
AUS,DAL,414.25
AUS,DCA,1604.0
AUS,DEN,267.3
AUS,DFW,241.0
AUS,DTW,865.0
AUS,ELP,392.0
AUS,EWR,448.0
AUS,FLL,633.0
AUS,HOU,533.0
AUS,IAD,886.0
AUS,IAH,294.1666666666667
AUS,IND,841.5
AUS,JAX,1575.0
AUS,JFK,455.4
AUS,LAS,355.25
AUS,LAX,289.33333333333337
AUS,LBB,1515.0
AUS,LGB,915.5
AUS,MCI,578.6666666666666
AUS,MCO,251.7272727272727
AUS,MIA,346.6666666666667
AUS,MSP,854.0
AUS,MSY,440.0
AUS,OAK,1668.0
AUS,OKC,789.5
AUS,ORD,315.16666666666663
AUS,PDX,1700.0
AUS,PHL,904.5
AUS,PHX,359.57142857142856
AUS,PSP,1635.0
AUS,RDU,873.0
AUS,RNO,1667.0
AUS,RSW,867.0
AUS,SAN,554.75
AUS,SEA,738.6666666666666
AUS,SFO,591.75
AUS,SJC,842.5
AUS,SJU,1702.0
AUS,SLC,525.25
AUS,SMF,1670.0
AUS,SNA,1642.0
AUS,SRQ,852.5
AUS,STL,826.5
AUS,TPA,420.6
AVL,ATL,537.6666666666666
AVL,CLT,285.8333333333333
AVL,DFW,1611.0
AVL,FLL,834.0
AVL,IAD,803.0
AVL,ORD,1460.0
AVL,PHL,1532.0
AVL,SFB,804.5
AVP,CLT,473.75
AVP,IAD,1500.0
AVP,ORD,806.5
AZA,ATW,1614.0
AZA,BIS,1606.0
AZA,FAR,1626.0
AZA,FSD,1602.0
AZA,FWA,1621.0
AZA,GEG,1602.0
AZA,IDA,1571.0
AZA,MSP,1605.0
AZA,OMA,1598.0
AZA,PIA,1599.0
AZA,RAP,1567.0
AZA,RFD,1611.0
AZA,STC,1618.0
AZA,XNA,1573.0
AZO,DTW,765.0
AZO,ORD,523.3333333333333
BDL,ATL,512.75
BDL,BNA,1610.0
BDL,BWI,536.3333333333334
BDL,CLT,608.6666666666667
BDL,DCA,544.3333333333334
BDL,DEN,1010.5
BDL,DTW,792.5
BDL,FLL,608.6666666666667
BDL,IAD,570.3333333333334
BDL,IAH,1697.0
BDL,LAS,1809.0
BDL,MCO,310.1428571428572
BDL,MDW,1460.0
BDL,MIA,439.0
BDL,MSP,925.0
BDL,ORD,543.6666666666666
BDL,PBI,1619.0
BDL,PHL,793.5
BDL,RSW,660.3333333333334
BDL,SFO,1828.0
BDL,SJU,930.0
BDL,TPA,547.75
BFF,DEN,1499.0
BFL,DEN,859.0
BFL,DFW,891.0
BFL,PHX,1527.0
BFL,SFO,1505.0
BGM,DTW,1541.0
BGR,CLT,1606.0
BGR,DCA,841.5
BGR,IAD,1567.0
BGR,PHL,836.0
BHM,ATL,340.8
BHM,BWI,1551.0
BHM,CLT,318.3333333333333
BHM,DAL,836.0
BHM,DCA,823.5
BHM,DEN,611.6666666666667
BHM,DFW,838.5
BHM,HOU,1551.0
BHM,IAH,1573.0
BHM,LAS,1698.0
BHM,LGA,1568.0
BHM,MCO,810.0
BHM,MIA,830.0
BHM,ORD,1567.0
BHM,PHL,1563.0
BHM,TPA,1524.0
BIH,DEN,1573.0
BIH,LAX,1511.0
BIH,SFO,1501.0
BIL,DEN,811.5
BIL,DFW,1609.0
BIL,MSP,1554.0
BIL,PHX,1460.0
BIL,SEA,872.0
BIL,SLC,798.0
BIS,AZA,1584.0
BIS,DEN,829.5
BIS,DFW,808.5
BIS,MSP,561.6666666666666
BIS,PHX,1615.0
BJI,MSP,760.0
BLI,LAS,862.5
BLI,OAK,843.5
BLI,SEA,403.75
BLV,PGD,1584.0
BMI,ATL,823.5
BMI,DFW,1602.0
BMI,ORD,740.0
BNA,ATL,303.0
BNA,ATW,1535.0
BNA,AUS,438.6
BNA,BDL,1564.0
BNA,BOS,492.0
BNA,BUR,1717.0
BNA,BWI,573.3333333333334
BNA,CHS,797.0
BNA,CID,1538.0
BNA,CLE,768.5
BNA,CLT,274.8571428571429
BNA,CMH,1512.0
BNA,DAL,416.8
BNA,DCA,300.57142857142856
BNA,DEN,386.7142857142857
BNA,DFW,340.57142857142856
BNA,DTW,442.5
BNA,ECP,800.5
BNA,EWR,410.8
BNA,FLL,368.5
BNA,HOU,618.6666666666667
BNA,IAD,812.0
BNA,IAH,375.5
BNA,ISP,1573.0
BNA,JAX,807.0
BNA,JFK,612.3333333333333
BNA,LAS,609.0
BNA,LAX,519.8333333333333
BNA,LGA,274.44444444444446
BNA,MCI,783.5
BNA,MCO,343.3333333333333
BNA,MDW,500.0
BNA,MIA,373.3333333333333
BNA,MKE,804.5
BNA,MLB,1552.0
BNA,MSP,598.3333333333333
BNA,MSY,816.0
BNA,MYR,798.5
BNA,OAK,1716.0
BNA,OKC,1569.0
BNA,ORD,178.0
BNA,ORF,1531.0
BNA,PHL,399.8
BNA,PHX,491.8
BNA,PIT,799.5
BNA,PNS,801.5
BNA,PSP,1711.0
BNA,RDU,801.0
BNA,RSW,1564.0
BNA,SAN,1000.0
BNA,SAT,881.5
BNA,SAV,1518.0
BNA,SEA,1014.0
BNA,SFO,1729.0
BNA,SJC,1746.0
BNA,SJU,1667.0
BNA,SLC,943.0
BNA,SNA,1710.0
BNA,SRQ,829.0
BNA,STL,1505.0
BNA,TPA,346.3333333333333
BNA,VPS,799.0
BOI,DEN,397.0
BOI,DFW,667.0
BOI,GEG,1518.0
BOI,IAH,1648.0
BOI,LAS,811.5
BOI,LAX,480.0
BOI,MSP,883.5
BOI,OAK,816.0
BOI,ORD,827.0
BOI,PAE,1536.0
BOI,PDX,563.3333333333334
BOI,PHX,468.5
BOI,PSP,1568.0
BOI,SAN,842.0
BOI,SEA,228.9090909090909
BOI,SFO,388.4
BOI,SJC,825.0
BOI,SLC,545.0
BOI,SMF,806.0
BOS,ATL,296.6
BOS,AUS,1006.0
BOS,BGR,1460.0
BOS,BNA,539.0
BOS,BUF,1460.0
BOS,BWI,382.6
BOS,BZN,1775.0
BOS,CHS,630.6666666666666
BOS,CLE,572.3333333333334
BOS,CLT,288.55555555555554
BOS,CMH,855.0
BOS,CVG,872.5
BOS,DCA,209.53846153846155
BOS,DEN,479.5
BOS,DFW,519.0
BOS,DTW,496.25
BOS,EWR,309.16666666666663
BOS,EYW,1653.0
BOS,FLL,278.27272727272725
BOS,HDN,1756.0
BOS,HOU,1715.0
BOS,IAD,579.0
BOS,IAH,625.5
BOS,IND,880.5
BOS,JAX,649.0
BOS,JFK,224.33333333333331
BOS,LAS,842.0
BOS,LAX,496.9
BOS,LGA,332.2
BOS,MCO,279.0
BOS,MDW,1460.0
BOS,MIA,328.1818181818182
BOS,MKE,1621.0
BOS,MSP,471.25
BOS,MSY,1664.0
BOS,MYR,1574.0
BOS,ORD,223.0909090909091
BOS,PBI,443.0
BOS,PDX,1828.0
BOS,PHL,291.42857142857144
BOS,PHX,1081.0
BOS,PIT,593.0
BOS,PSP,1820.0
BOS,RDU,364.1666666666667
BOS,RIC,592.0
BOS,ROC,1530.0
BOS,RSW,404.7142857142857
BOS,SAN,1845.0
BOS,SAV,1598.0
BOS,SEA,679.6
BOS,SFO,762.5
BOS,SJU,626.25
BOS,SLC,817.6666666666667
BOS,SRQ,1642.0
BOS,STL,918.0
BOS,STT,930.0
BOS,SYR,1460.0
BOS,TPA,482.2
BPT,DFW,1509.0
BQK,ATL,783.5
BQN,EWR,852.0
BQN,FLL,873.0
BQN,JFK,968.5
BQN,MCO,492.75
BRD,MSP,1489.0
BRO,DFW,810.0
BRO,IAH,794.0
BTM,SLC,1516.0
BTR,ATL,563.3333333333334
BTR,CLT,827.5
BTR,DFW,570.3333333333334
BTR,IAH,791.5
BTV,ATL,1614.0
BTV,CLT,624.0
BTV,DCA,819.5
BTV,DTW,1567.0
BTV,EWR,548.6666666666666
BTV,IAD,817.5
BTV,JFK,541.0
BTV,MIA,1655.0
BTV,ORD,1591.0
BTV,PHL,808.0
BUF,ATL,851.0
BUF,BOS,1515.0
BUF,BWI,533.6666666666666
BUF,CLT,832.0
BUF,DCA,795.0
BUF,DEN,1672.0
BUF,DFW,1683.0
BUF,DTW,794.5
BUF,EWR,432.5
BUF,FLL,823.0
BUF,IAD,787.0
BUF,JFK,422.0
BUF,LAS,1738.0
BUF,LGA,1508.0
BUF,MCO,448.8
BUF,MDW,1460.0
BUF,ORD,787.0
BUF,PHL,793.0
BUF,PHX,1736.0
BUF,RSW,897.0
BUF,SJU,1697.0
BUF,TPA,891.5
BUR,AUS,1601.0
BUR,BNA,1666.0
BUR,DAL,1613.0
BUR,DEN,423.0
BUR,DFW,883.5
BUR,HOU,1626.0
BUR,LAS,265.2857142857143
BUR,OAK,302.8333333333333
BUR,PDX,1577.0
BUR,PHX,323.66666666666663
BUR,RNO,1519.0
BUR,SEA,593.0
BUR,SFO,351.8
BUR,SJC,356.0
BUR,SLC,472.0
BUR,SMF,435.75
BWI,ABQ,1001.5
BWI,ALB,550.6666666666666
BWI,ATL,273.3333333333333
BWI,AUS,711.0
BWI,BDL,520.0
BWI,BHM,1569.0
BWI,BNA,601.0
BWI,BOS,360.6
BWI,BUF,533.0
BWI,CHS,576.6666666666666
BWI,CLE,557.0
BWI,CLT,324.5
BWI,CMH,801.5
BWI,CVG,817.0
BWI,DAL,695.6666666666666
BWI,DEN,606.5
BWI,DFW,584.0
BWI,DTW,431.75
BWI,FLL,271.27272727272725
BWI,GSP,1532.0
BWI,HOU,696.3333333333333
BWI,IAH,621.3333333333333
BWI,IND,834.0
BWI,ISP,528.3333333333333
BWI,JAN,1601.0
BWI,JAX,564.0
BWI,LAS,677.75
BWI,LAX,712.75
BWI,LGA,775.5
BWI,MCI,900.5
BWI,MCO,201.94117647058823
BWI,MDW,537.0
BWI,MEM,1596.0
BWI,MHT,541.6666666666666
BWI,MIA,300.0
BWI,MKE,854.5
BWI,MSP,654.0
BWI,MSY,655.3333333333334
BWI,MYR,565.3333333333334
BWI,ORD,375.6
BWI,ORF,534.0
BWI,PBI,510.75
BWI,PHX,792.6666666666667
BWI,PIT,779.0
BWI,PVD,531.0
BWI,PWM,543.6666666666666
BWI,RDU,533.3333333333334
BWI,ROC,787.0
BWI,RSW,396.33333333333337
BWI,SAN,1775.0
BWI,SAT,960.5
BWI,SAV,823.5
BWI,SDF,1550.0
BWI,SEA,1460.0
BWI,SFO,1799.0
BWI,SJU,705.6666666666666
BWI,SLC,1016.5
BWI,SRQ,631.0
BWI,STL,581.6666666666666
BWI,SYR,545.0
BWI,TPA,315.7142857142857
BWI,VPS,1584.0
BZN,ATL,1658.0
BZN,BOS,1680.0
BZN,CLT,1662.0
BZN,DAL,1608.0
BZN,DEN,273.0
BZN,DFW,892.0
BZN,FLL,1717.0
BZN,IAH,1632.0
BZN,JFK,1680.0
BZN,LAS,829.5
BZN,LAX,470.0
BZN,MSP,850.0
BZN,ORD,644.0
BZN,SAN,1586.0
BZN,SEA,611.6666666666667
BZN,SFO,857.5
BZN,SLC,553.0
CAE,ATL,420.5
CAE,CLT,410.5
CAE,DCA,800.0
CAE,DFW,893.0
CAE,IAD,1525.0
CAE,PHL,1536.0
CAK,CLT,568.3333333333334
CAK,DCA,1507.0
CAK,IAD,1502.0
CAK,MCO,1460.0
CAK,PHL,1513.0
CAK,TPA,1460.0
CDC,SLC,1500.0
CGI,ORD,1517.0
CHA,ATL,530.3333333333333
CHA,CLT,422.25
CHA,DCA,1536.0
CHA,DFW,866.5
CHA,ORD,788.0
CHO,ATL,819.0
CHO,CLT,358.4
CHO,IAD,763.0
CHO,LGA,1514.0
CHS,ATL,345.4
CHS,BNA,815.0
CHS,BOS,603.0
CHS,BWI,567.3333333333334
CHS,CLT,352.4
CHS,DAL,1606.0
CHS,DCA,369.8
CHS,DEN,957.5
CHS,DFW,899.0
CHS,DTW,1550.0
CHS,EWR,304.3333333333333
CHS,FLL,1534.0
CHS,HOU,1460.0
CHS,IAD,566.0
CHS,IAH,809.5
CHS,JFK,589.0
CHS,LAX,1790.0
CHS,LGA,586.6666666666666
CHS,MDW,1460.0
CHS,MIA,815.5
CHS,ORD,740.0
CHS,PHL,823.0
CID,ATL,1564.0
CID,BNA,1535.0
CID,CLT,1460.0
CID,DEN,857.0
CID,DFW,615.0
CID,DTW,1521.0
CID,MSP,760.5
CID,ORD,500.0
CID,PGD,1616.0
CID,PHX,1624.0
CIU,DTW,1512.0
CIU,MSP,1544.0
CKB,IAD,1490.0
CKB,ORD,1460.0
CLE,ATL,347.8333333333333
CLE,BNA,821.5
CLE,BOS,545.6666666666666
CLE,BWI,545.0
CLE,CLT,375.8
CLE,DCA,551.6666666666666
CLE,DEN,684.6666666666666
CLE,DFW,680.6666666666666
CLE,DTW,508.0
CLE,EWR,438.5
CLE,FLL,603.0
CLE,IAD,791.0
CLE,IAH,909.0
CLE,JFK,809.5
CLE,LAS,764.6666666666667
CLE,LAX,1747.0
CLE,LGA,372.8
CLE,MCO,324.125
CLE,MDW,1460.0
CLE,MIA,534.0
CLE,MSP,843.0
CLE,ORD,414.0
CLE,PHL,792.0
CLE,PHX,755.6666666666666
CLE,RSW,370.4285714285714
CLE,SFO,1762.0
CLE,SRQ,1602.0
CLE,STL,1550.0
CLE,TPA,437.6
CLL,DFW,782.5
CLT,ABE,809.0
CLT,AEX,1579.0
CLT,AGS,409.75
CLT,ALB,587.3333333333334
CLT,ATL,195.0909090909091
CLT,ATW,1573.0
CLT,AUS,536.25
CLT,AVL,287.0
CLT,AVP,458.75
CLT,BDL,585.0
CLT,BGR,1572.0
CLT,BHM,323.5
CLT,BNA,269.75
CLT,BOS,248.0
CLT,BTR,842.5
CLT,BTV,567.0
CLT,BUF,815.5
CLT,BWI,315.0
CLT,BZN,1719.0
CLT,CAE,401.25
CLT,CAK,559.0
CLT,CHA,429.75
CLT,CHO,353.6
CLT,CHS,339.4
CLT,CID,799.5
CLT,CLE,372.6
CLT,CMH,369.4
CLT,CRW,527.3333333333333
CLT,CSG,796.0
CLT,CVG,371.2
CLT,DAB,561.6666666666666
CLT,DAL,1611.0
CLT,DAY,441.75
CLT,DCA,275.0
CLT,DEN,388.1111111111111
CLT,DFW,291.58333333333337
CLT,DSM,871.0
CLT,DTW,335.0
CLT,ECP,814.0
CLT,ERI,807.5
CLT,EVV,822.0
CLT,EWN,418.5
CLT,EWR,221.0909090909091
CLT,EYW,484.0
CLT,FAY,405.5
CLT,FLL,334.0
CLT,FLO,763.0
CLT,FNT,831.0
CLT,FSD,1623.0
CLT,FWA,816.5
CLT,GNV,560.0
CLT,GPT,834.0
CLT,GRR,833.0
CLT,GSO,286.0
CLT,GSP,282.3333333333333
CLT,HHH,780.0
CLT,HPN,1553.0
CLT,HSV,566.0
CLT,HTS,1510.0
CLT,IAD,272.42857142857144
CLT,IAH,519.0
CLT,ILM,340.4
CLT,IND,451.0
CLT,ITH,783.0
CLT,JAC,1726.0
CLT,JAN,833.0
CLT,JAX,433.0
CLT,JFK,388.2
CLT,LAS,543.1666666666667
CLT,LAX,674.0
CLT,LEX,557.6666666666666
CLT,LFT,853.0
CLT,LGA,257.25
CLT,LIT,606.0
CLT,LYH,413.5
CLT,MCI,507.25
CLT,MCO,212.27272727272728
CLT,MDT,441.75
CLT,MEM,400.6
CLT,MGM,808.5
CLT,MHT,836.5
CLT,MIA,261.44444444444446
CLT,MKE,838.5
CLT,MLB,571.6666666666666
CLT,MOB,595.3333333333333
CLT,MSN,607.3333333333333
CLT,MSP,648.3333333333334
CLT,MSY,478.75
CLT,MYR,337.4
CLT,OAJ,413.5
CLT,OKC,891.5
CLT,OMA,883.5
CLT,ORD,173.6
CLT,ORF,427.0
CLT,PBI,463.5
CLT,PDX,1780.0
CLT,PGV,533.6666666666666
CLT,PHF,424.5
CLT,PHL,267.5
CLT,PHX,565.6
CLT,PIA,839.0
CLT,PIT,316.3333333333333
CLT,PNS,459.5
CLT,PVD,587.3333333333334
CLT,PWM,1571.0
CLT,RDU,291.0
CLT,RIC,301.8333333333333
CLT,ROA,296.8333333333333
CLT,ROC,578.6666666666666
CLT,RSW,392.6
CLT,SAN,801.3333333333333
CLT,SAT,905.0
CLT,SAV,346.8
CLT,SBN,823.5
CLT,SBY,798.0
CLT,SDF,441.25
CLT,SEA,1779.0
CLT,SFO,814.0
CLT,SGF,622.3333333333333
CLT,SHV,621.3333333333333
CLT,SJU,678.6666666666666
CLT,SLC,749.3333333333333
CLT,SMF,1773.0
CLT,SRQ,463.25
CLT,STL,386.6
CLT,STT,919.5
CLT,STX,1645.0
CLT,SYR,824.5
CLT,TLH,563.6666666666666
CLT,TPA,380.6
CLT,TRI,526.3333333333333
CLT,TTN,1525.0
CLT,TUL,879.5
CLT,TYS,347.0
CLT,VPS,576.6666666666666
CLT,XNA,1589.0
CMH,ATL,368.6
CMH,BNA,1525.0
CMH,BOS,582.6666666666666
CMH,BWI,547.3333333333334
CMH,CLT,366.8
CMH,DAL,1615.0
CMH,DCA,434.0
CMH,DEN,675.6666666666666
CMH,DFW,669.0
CMH,DTW,534.3333333333334
CMH,EWR,811.5
CMH,FLL,484.75
CMH,HOU,1625.0
CMH,IAD,789.0
CMH,IAH,922.0
CMH,JFK,831.5
CMH,LAS,982.0
CMH,LAX,1728.0
CMH,LGA,334.8333333333333
CMH,MCO,284.5
CMH,MDW,518.6666666666667
CMH,MIA,522.25
CMH,MSP,843.0
CMH,ORD,251.57142857142856
CMH,PHL,558.0
CMH,PHX,746.6666666666666
CMH,RSW,339.42857142857144
CMH,SEA,1754.0
CMH,SRQ,1582.0
CMH,STL,1533.0
CMH,TPA,497.5
CMI,DFW,877.5
CMI,ORD,757.0
CMX,ORD,740.0
CNY,DEN,1509.0
COD,DEN,771.5
COS,DAL,1543.0
COS,DEN,247.8571428571429
COS,DFW,582.0
COS,IAH,857.5
COS,LAS,828.5
COS,LAX,1582.0
COS,MCO,1648.0
COS,MDW,1460.0
COS,ORD,848.5
COS,PHX,819.5
COS,SAT,1556.0
COS,SLC,577.3333333333334
COU,DFW,740.0
COU,ORD,1513.0
CPR,DEN,1508.0
CPR,SLC,1515.0
CRP,DFW,369.0
CRP,HOU,773.0
CRP,IAH,526.6666666666667
CRW,ATL,771.5
CRW,CLT,531.3333333333333
CSG,ATL,764.5
CSG,CLT,792.0
CSG,DFW,1570.0
CVG,ATL,434.0
CVG,AUS,1609.0
CVG,BOS,830.0
CVG,BWI,801.0
CVG,CLT,368.4
CVG,DCA,797.5
CVG,DEN,546.5
CVG,DFW,473.6
CVG,DTW,525.3333333333333
CVG,EWR,387.0
CVG,FLL,1586.0
CVG,IAD,563.3333333333334
CVG,IAH,916.5
CVG,JFK,1548.0
CVG,LAS,1689.0
CVG,LGA,340.6666666666667
CVG,MCO,412.0
CVG,MDW,1505.0
CVG,MIA,633.6666666666666
CVG,MSP,589.6666666666666
CVG,ORD,339.8
CVG,PGD,1575.0
CVG,PHL,569.3333333333334
CVG,PHX,732.6666666666666
CVG,RSW,589.0
CVG,SEA,1738.0
CVG,SLC,1676.0
CVG,SRQ,1576.0
CVG,TPA,608.0
CWA,DTW,1513.0
CWA,MSP,1494.0
CWA,ORD,764.0
CYS,DEN,754.0
DAB,ATL,558.6666666666666
DAB,CLT,573.3333333333334
DAB,DFW,1608.0
DAB,PHL,1568.0
DAL,ABQ,470.25
DAL,AMA,797.0
DAL,ATL,315.7142857142857
DAL,AUS,419.0
DAL,BHM,813.0
DAL,BNA,574.0
DAL,BUR,1640.0
DAL,BWI,480.5
DAL,BZN,1619.0
DAL,CHS,1568.0
DAL,CLT,1575.0
DAL,CMH,1571.0
DAL,COS,1554.0
DAL,DCA,513.0
DAL,DEN,271.55555555555554
DAL,ECP,822.5
DAL,ELP,447.75
DAL,FLL,511.75
DAL,HDN,1587.0
DAL,HOU,310.3333333333333
DAL,HRL,1532.0
DAL,IAH,355.0
DAL,IND,1540.0
DAL,JAX,1569.0
DAL,LAS,463.6
DAL,LAX,483.4
DAL,LBB,766.0
DAL,LGA,662.0
DAL,LGB,1639.0
DAL,LIT,783.0
DAL,MAF,557.3333333333334
DAL,MCI,424.5
DAL,MCO,344.8571428571429
DAL,MDW,380.0
DAL,MEM,794.5
DAL,MIA,633.0
DAL,MKE,1556.0
DAL,MSP,1560.0
DAL,MSY,443.75
DAL,MTJ,1576.0
DAL,OAK,935.0
DAL,OMA,1531.0
DAL,ONT,1626.0
DAL,ORD,404.0
DAL,PDX,1685.0
DAL,PHL,1606.0
DAL,PHX,392.33333333333337
DAL,PIT,1591.0
DAL,PNS,1535.0
DAL,PSP,1625.0
DAL,RDU,1583.0
DAL,RSW,1589.0
DAL,SAN,550.25
DAL,SAT,550.6666666666666
DAL,SAV,1564.0
DAL,SDF,1544.0
DAL,SEA,740.0
DAL,SFO,1664.0
DAL,SJC,1658.0
DAL,SLC,880.5
DAL,SMF,1671.0
DAL,SNA,1631.0
DAL,SRQ,1574.0
DAL,STL,447.75
DAL,TPA,493.5
DAL,TUL,776.5
DAL,VPS,819.5
DAY,ATL,577.6666666666666
DAY,CLT,568.0
DAY,DCA,797.0
DAY,DFW,1616.0
DAY,DTW,1494.0
DAY,IAD,801.5
DAY,LGA,1540.0
DAY,ORD,1512.0
DAY,PHL,540.3333333333334
DBQ,ORD,755.0
DCA,AGS,1538.0
DCA,ALB,796.0
DCA,ATL,205.46153846153845
DCA,AUS,1666.0
DCA,BDL,538.6666666666666
DCA,BGR,818.0
DCA,BHM,846.0
DCA,BNA,328.0
DCA,BOS,199.66666666666663
DCA,BTV,812.5
DCA,BUF,789.5
DCA,CAE,807.0
DCA,CAK,1516.0
DCA,CHA,1551.0
DCA,CHS,385.2
DCA,CLE,560.3333333333334
DCA,CLT,286.1428571428572
DCA,CMH,425.0
DCA,CRW,1512.0
DCA,CVG,818.0
DCA,DAL,526.25
DCA,DAY,816.0
DCA,DEN,600.75
DCA,DFW,397.0
DCA,DSM,886.0
DCA,DTW,363.2
DCA,ECP,1586.0
DCA,EWR,541.0
DCA,EYW,1604.0
DCA,FLL,411.8
DCA,GRR,830.0
DCA,GSO,789.5
DCA,GSP,811.0
DCA,HOU,689.6666666666666
DCA,HPN,766.0
DCA,HSV,1562.0
DCA,IAH,493.4
DCA,ILM,797.0
DCA,IND,593.6666666666667
DCA,JAN,1607.0
DCA,JAX,477.0
DCA,JFK,354.6
DCA,LAN,1546.0
DCA,LAX,617.0
DCA,LGA,261.8571428571429
DCA,MCI,667.6666666666666
DCA,MCO,277.5
DCA,MDW,532.0
DCA,MEM,869.5
DCA,MGM,1567.0
DCA,MHT,564.6666666666666
DCA,MIA,314.375
DCA,MKE,1566.0
DCA,MLB,1581.0
DCA,MSP,528.0
DCA,MSY,647.6666666666666
DCA,OKC,1663.0
DCA,ORD,175.33333333333334
DCA,ORF,534.6666666666666
DCA,PBI,411.2
DCA,PDX,1795.0
DCA,PHL,413.75
DCA,PHX,695.6666666666666
DCA,PIT,538.3333333333334
DCA,PNS,869.5
DCA,PVD,430.25
DCA,PWM,567.0
DCA,RDU,546.6666666666666
DCA,ROC,547.3333333333334
DCA,RSW,514.0
DCA,SAV,827.5
DCA,SDF,823.0
DCA,SEA,1073.5
DCA,SFO,1801.0
DCA,SJU,1651.0
DCA,SLC,1737.0
DCA,SRQ,627.3333333333333
DCA,STL,380.6666666666667
DCA,SYR,788.0
DCA,TLH,1576.0
DCA,TPA,430.2
DCA,TYS,817.5
DCA,VPS,1579.0
DEC,ORD,1460.0
DEN,ABQ,431.5
DEN,ACV,1597.0
DEN,ALS,1491.0
DEN,AMA,1514.0
DEN,ASE,278.5
DEN,ATL,307.3
DEN,ATW,1582.0
DEN,AUS,282.55555555555554
DEN,BDL,913.0
DEN,BFF,1492.0
DEN,BFL,857.0
DEN,BHM,591.0
DEN,BIH,1568.0
DEN,BIL,809.0
DEN,BIS,774.5
DEN,BNA,321.375
DEN,BOI,339.1666666666667
DEN,BOS,383.625
DEN,BUF,1601.0
DEN,BUR,499.75
DEN,BWI,435.6
DEN,BZN,308.2857142857143
DEN,CHS,905.5
DEN,CID,588.3333333333334
DEN,CLE,629.3333333333334
DEN,CLT,337.1111111111111
DEN,CMH,629.0
DEN,CNY,1514.0
DEN,COD,740.0
DEN,COS,216.5
DEN,CPR,1509.0
DEN,CVG,503.75
DEN,CYS,751.5
DEN,DAL,319.0
DEN,DCA,501.0
DEN,DFW,214.57142857142856
DEN,DRO,333.6
DEN,DSM,551.3333333333334
DEN,DTW,336.0
DEN,EAR,764.5
DEN,EGE,508.6666666666667
DEN,ELP,578.6666666666666
DEN,EUG,882.0
DEN,EWR,478.0
DEN,FAR,560.0
DEN,FAT,614.3333333333333
DEN,FCA,853.5
DEN,FLL,428.83333333333337
DEN,FSD,451.25
DEN,GCC,764.5
DEN,GEG,500.75
DEN,GJT,410.5
DEN,GRR,611.0
DEN,GSP,1608.0
DEN,GTF,842.5
DEN,GUC,775.5
DEN,HDN,339.2
DEN,HLN,1552.0
DEN,HOU,381.6666666666667
DEN,HRL,1594.0
DEN,HSV,1585.0
DEN,HYS,1510.0
DEN,IAD,336.55555555555554
DEN,IAH,256.5
DEN,ICT,426.0
DEN,IDA,524.0
DEN,IND,489.75
DEN,JAC,432.5
DEN,JAX,910.0
DEN,JFK,927.0
DEN,JLN,1541.0
DEN,JMS,825.5
DEN,LAR,1488.0
DEN,LAS,206.3846153846154
DEN,LAX,207.5
DEN,LBF,1499.0
DEN,LBL,1460.0
DEN,LGA,354.22222222222223
DEN,LGB,852.0
DEN,LIT,846.0
DEN,LNK,802.5
DEN,MAF,821.5
DEN,MCI,367.6
DEN,MCO,323.83333333333326
DEN,MDW,500.0
DEN,MEM,612.3333333333333
DEN,MFR,876.5
DEN,MIA,382.33333333333326
DEN,MKE,489.0
DEN,MLI,1562.0
DEN,MOT,793.0
DEN,MRY,1586.0
DEN,MSN,836.0
DEN,MSO,840.0
DEN,MSP,269.77777777777777
DEN,MSY,515.25
DEN,MTJ,298.3333333333333
DEN,OAK,382.8
DEN,OKC,320.0
DEN,OMA,361.0
DEN,ONT,484.75
DEN,ORD,295.875
DEN,ORF,905.0
DEN,PDX,294.72727272727275
DEN,PHL,472.6
DEN,PHX,188.25
DEN,PIT,642.3333333333334
DEN,PNS,1610.0
DEN,PRC,1535.0
DEN,PSC,803.5
DEN,PSP,413.6
DEN,PUB,1488.0
DEN,RAP,417.5
DEN,RDM,865.0
DEN,RDU,468.8
DEN,RIC,898.0
DEN,RIW,1507.0
DEN,RKS,786.0
DEN,RNO,417.0
DEN,RSW,464.6
DEN,SAN,274.3
DEN,SAT,332.0
DEN,SAV,1625.0
DEN,SBA,504.5
DEN,SBP,868.0
DEN,SDF,862.0
DEN,SEA,246.13333333333333
DEN,SFO,288.2
DEN,SGF,781.5
DEN,SGU,811.5
DEN,SHR,797.5
DEN,SHV,1574.0
DEN,SJC,384.8333333333333
DEN,SLC,189.07142857142856
DEN,SLN,1518.0
DEN,SMF,275.1
DEN,SNA,370.1666666666667
DEN,SRQ,923.5
DEN,STL,275.22222222222223
DEN,SUN,1547.0
DEN,SUX,1532.0
DEN,SYR,1620.0
DEN,TPA,384.75
DEN,TUL,550.6666666666666
DEN,TUS,381.4
DEN,TYS,1597.0
DEN,VEL,761.5
DEN,XNA,1542.0
DEN,XWA,740.0
DFW,ABI,298.16666666666663
DFW,ABQ,315.2857142857143
DFW,ACT,408.25
DFW,AEX,784.0
DFW,AGS,1557.0
DFW,AMA,796.0
DFW,ASE,522.0
DFW,ATL,209.3846153846154
DFW,AUS,206.8
DFW,AVL,1557.0
DFW,BDL,1613.0
DFW,BFL,930.5
DFW,BHM,576.6666666666666
DFW,BIL,1609.0
DFW,BIS,1581.0
DFW,BMI,817.0
DFW,BNA,384.4
DFW,BOI,922.0
DFW,BOS,424.83333333333337
DFW,BPT,1519.0
DFW,BRO,782.0
DFW,BTR,556.3333333333334
DFW,BUF,1583.0
DFW,BUR,923.5
DFW,BWI,525.25
DFW,BZN,897.0
DFW,CAE,848.5
DFW,CHA,830.0
DFW,CHS,852.0
DFW,CID,581.0
DFW,CLE,847.5
DFW,CLL,778.5
DFW,CLT,264.9090909090909
DFW,CMH,603.3333333333333
DFW,CMI,820.5
DFW,COS,586.0
DFW,COU,500.0
DFW,CRP,325.1666666666667
DFW,CSG,1563.0
DFW,CVG,401.6
DFW,DAB,1576.0
DFW,DAY,831.0
DFW,DCA,340.0
DFW,DEN,222.0
DFW,DRO,567.3333333333334
DFW,DRT,814.0
DFW,DSM,558.0
DFW,DTW,459.75
DFW,ECP,822.5
DFW,EGE,802.5
DFW,ELP,305.1428571428572
DFW,EUG,1688.0
DFW,EVV,782.0
DFW,EWR,380.57142857142856
DFW,EYW,872.5
DFW,FAR,740.0
DFW,FAT,925.5
DFW,FAY,1575.0
DFW,FLG,869.0
DFW,FLL,342.8571428571429
DFW,FSD,828.0
DFW,FSM,540.6666666666666
DFW,FWA,1552.0
DFW,GCK,806.0
DFW,GEG,1661.0
DFW,GGG,1489.0
DFW,GJT,859.5
DFW,GNV,849.0
DFW,GPT,806.0
DFW,GRI,814.0
DFW,GRK,284.3333333333333
DFW,GRR,790.5
DFW,GSO,851.0
DFW,GSP,607.0
DFW,GUC,863.5
DFW,HDN,864.0
DFW,HOU,794.0
DFW,HRL,552.6666666666666
DFW,HSV,439.0
DFW,IAD,450.0
DFW,IAH,184.91666666666663
DFW,ICT,309.0
DFW,IDA,888.5
DFW,ILM,1581.0
DFW,IND,584.6666666666666
DFW,JAC,882.5
DFW,JAN,435.0
DFW,JAX,489.5
DFW,JFK,540.25
DFW,LAS,272.42857142857144
DFW,LAW,510.6666666666667
DFW,LAX,272.3125
DFW,LBB,766.5
DFW,LCH,789.5
DFW,LEX,592.6666666666667
DFW,LFT,560.0
DFW,LGA,354.5
DFW,LGB,1638.0
DFW,LIT,304.8333333333333
DFW,LRD,455.75
DFW,MAF,369.2
DFW,MCI,344.0
DFW,MCO,265.0909090909091
DFW,MDT,1586.0
DFW,MEM,364.6
DFW,MFE,382.8
DFW,MGM,824.5
DFW,MHK,768.5
DFW,MIA,297.6
DFW,MKE,594.0
DFW,MLI,1460.0
DFW,MLU,786.5
DFW,MOB,547.0
DFW,MRY,1662.0
DFW,MSN,833.5
DFW,MSO,926.0
DFW,MSP,359.5
DFW,MSY,288.8571428571429
DFW,MTJ,859.0
DFW,MYR,1577.0
DFW,OKC,290.5
DFW,OMA,572.0
DFW,ONT,545.0
DFW,ORD,160.15384615384616
DFW,ORF,874.0
DFW,PBI,636.6666666666666
DFW,PDX,607.75
DFW,PHL,410.6666666666666
DFW,PHX,260.5
DFW,PIA,1532.0
DFW,PIT,855.0
DFW,PNS,577.3333333333334
DFW,PSP,902.5
DFW,RAP,1460.0
DFW,RDU,506.0
DFW,RIC,867.5
DFW,RNO,929.0
DFW,ROW,816.0
DFW,RSW,507.5
DFW,SAF,557.6666666666666
DFW,SAN,392.1428571428571
DFW,SAT,231.22222222222223
DFW,SAV,606.0
DFW,SBA,1643.0
DFW,SBN,831.5
DFW,SBP,1653.0
DFW,SDF,464.75
DFW,SEA,429.625
DFW,SFO,430.2857142857143
DFW,SGF,427.0
DFW,SHV,414.75
DFW,SJC,1670.0
DFW,SJT,431.75
DFW,SJU,1693.0
DFW,SLC,398.0
DFW,SMF,701.3333333333333
DFW,SNA,478.6
DFW,SPI,815.0
DFW,SPS,740.0
DFW,SRQ,857.5
DFW,STL,569.0
DFW,STT,1717.0
DFW,SWO,780.5
DFW,SYR,1595.0
DFW,TLH,833.0
DFW,TPA,373.8333333333333
DFW,TRI,841.5
DFW,TUL,407.5
DFW,TUS,434.6
DFW,TXK,531.0
DFW,TYR,523.6666666666667
DFW,TYS,598.0
DFW,VPS,596.3333333333333
DFW,XNA,265.8571428571429
DFW,YUM,1616.0
DHN,ATL,780.0
DLH,MSP,535.0
DLH,ORD,740.0
DRO,DEN,345.8
DRO,DFW,835.5
DRO,PHX,1516.0
DRT,DFW,1512.0
DSM,ATL,843.0
DSM,CLT,845.5
DSM,DCA,844.0
DSM,DEN,833.0
DSM,DFW,407.25
DSM,DTW,1527.0
DSM,IAH,1605.0
DSM,LAS,901.0
DSM,LGA,1586.0
DSM,MIA,1634.0
DSM,MSP,527.3333333333333
DSM,ORD,403.25
DSM,PHX,1613.0
DSM,SLC,1594.0
DSM,STL,1507.0
DTW,ABE,796.0
DTW,ALB,770.5
DTW,APN,1496.0
DTW,ATL,238.54545454545456
DTW,ATW,800.5
DTW,AUS,940.0
DTW,AZO,767.0
DTW,BDL,740.0
DTW,BGM,1511.0
DTW,BNA,462.75
DTW,BOS,437.5
DTW,BTV,1523.0
DTW,BUF,779.5
DTW,BWI,408.5
DTW,CHS,1557.0
DTW,CID,1545.0
DTW,CIU,1460.0
DTW,CLE,507.3333333333333
DTW,CLT,343.8333333333333
DTW,CMH,524.3333333333333
DTW,CVG,534.0
DTW,CWA,1460.0
DTW,DAY,1495.0
DTW,DCA,368.8
DTW,DEN,378.28571428571433
DTW,DFW,452.4
DTW,DSM,1460.0
DTW,ELM,762.0
DTW,ESC,1515.0
DTW,EWR,232.22222222222223
DTW,FLL,341.2857142857143
DTW,FWA,1460.0
DTW,GRB,1512.0
DTW,GRR,395.5
DTW,HPN,1460.0
DTW,IAD,345.2
DTW,IAH,454.0
DTW,IMT,1526.0
DTW,IND,765.5
DTW,JAX,859.0
DTW,JFK,351.6
DTW,LAN,516.0
DTW,LAS,475.5714285714286
DTW,LAX,415.5714285714286
DTW,LEX,770.0
DTW,LGA,213.2
DTW,LSE,1534.0
DTW,MBS,524.3333333333333
DTW,MCI,795.0
DTW,MCO,318.625
DTW,MDT,1514.0
DTW,MDW,394.75
DTW,MEM,795.0
DTW,MIA,319.8571428571429
DTW,MKE,535.3333333333334
DTW,MQT,1521.0
DTW,MSN,768.0
DTW,MSP,445.0
DTW,MSY,887.0
DTW,OMA,1572.0
DTW,ORD,170.36363636363637
DTW,ORF,740.0
DTW,PBI,1618.0
DTW,PHL,326.3333333333333
DTW,PHX,557.2
DTW,PIT,759.0
DTW,PLN,1500.0
DTW,PVD,775.5
DTW,PWM,1536.0
DTW,RDU,550.6666666666666
DTW,RIC,772.5
DTW,ROC,763.0
DTW,RSW,335.125
DTW,SAN,1727.0
DTW,SAT,1675.0
DTW,SBN,760.0
DTW,SCE,1508.0
DTW,SDF,768.0
DTW,SEA,524.8
DTW,SFO,779.3333333333333
DTW,SLC,542.0
DTW,SRQ,1460.0
DTW,STL,449.5
DTW,SYR,788.5
DTW,TPA,347.0
DTW,TVC,404.0
DTW,TYS,824.0
DVL,DEN,1547.0
DVL,JMS,1460.0
EAR,DEN,740.0
EAR,ORD,1460.0
EAT,SEA,773.5
EAU,ORD,763.5
ECP,ATL,425.0
ECP,BNA,805.5
ECP,CLT,802.0
ECP,DAL,844.0
ECP,DCA,1556.0
ECP,DFW,853.5
ECP,HOU,1548.0
ECP,IAH,845.0
ECP,STL,1546.0
EGE,ATL,1618.0
EGE,DEN,500.0
EGE,DFW,570.3333333333334
EGE,IAH,1586.0
EGE,JFK,1666.0
EGE,LAX,844.5
EGE,LGA,1667.0
EGE,MIA,1460.0
EGE,ORD,540.3333333333334
EGE,PHL,1641.0
EGE,PHX,1460.0
EGE,SFO,1580.0
EKO,SLC,1460.0
ELM,DTW,773.0
ELP,ATL,879.5
ELP,AUS,445.75
ELP,DAL,452.5
ELP,DEN,587.0
ELP,DFW,296.42857142857144
ELP,HOU,1546.0
ELP,IAH,464.5
ELP,LAS,829.0
ELP,LAX,609.3333333333333
ELP,ORD,1597.0
ELP,PHX,322.16666666666663
ELP,SAT,800.0
ELP,SEA,1676.0
ERI,CLT,819.0
ERI,IAD,1504.0
ESC,DTW,1511.0
ESC,MSP,1514.0
EUG,DFW,944.5
EUG,LAS,1553.0
EUG,LAX,845.0
EUG,OAK,802.0
EUG,PHX,1577.0
EUG,SEA,357.0
EUG,SFO,546.3333333333334
EUG,SLC,829.5
EVV,ATL,802.5
EVV,CLT,798.5
EVV,DFW,878.5
EVV,ORD,770.5
EWN,CLT,442.75
EWR,ALB,771.5
EWR,ATL,232.4
EWR,AUS,495.0
EWR,BNA,386.6
EWR,BOS,261.42857142857144
EWR,BQN,926.5
EWR,BTV,1509.0
EWR,BUF,363.0
EWR,CHS,311.5
EWR,CLE,456.25
EWR,CLT,224.0
EWR,CMH,828.5
EWR,CVG,415.6
EWR,DCA,551.0
EWR,DEN,545.2
EWR,DFW,426.25
EWR,DTW,232.88888888888889
EWR,EYW,670.6666666666666
EWR,FLL,265.38461538461536
EWR,GRR,859.5
EWR,GSO,456.25
EWR,GSP,844.0
EWR,IAD,546.6666666666666
EWR,IAH,376.5
EWR,IND,580.6666666666666
EWR,JAC,1739.0
EWR,JAX,428.2
EWR,LAS,492.4285714285714
EWR,LAX,453.9090909090909
EWR,MCI,1645.0
EWR,MCO,227.77777777777777
EWR,MEM,1617.0
EWR,MHT,1502.0
EWR,MIA,269.8461538461538
EWR,MKE,806.5
EWR,MSN,1593.0
EWR,MSP,475.6
EWR,MSY,566.25
EWR,MTJ,1747.0
EWR,MYR,825.5
EWR,ORD,283.77777777777777
EWR,ORF,433.0
EWR,PBI,282.6363636363636
EWR,PDX,1088.0
EWR,PHX,519.0
EWR,PIT,369.6
EWR,PVD,529.0
EWR,PWM,546.0
EWR,RDU,264.0
EWR,RIC,318.0
EWR,ROC,308.0
EWR,RSW,380.7142857142857
EWR,SAN,710.75
EWR,SAT,1696.0
EWR,SAV,461.25
EWR,SDF,855.5
EWR,SEA,587.8
EWR,SFO,496.4545454545455
EWR,SJU,417.8571428571429
EWR,SLC,1020.0
EWR,SNA,1093.0
EWR,SRQ,380.4285714285714
EWR,STL,607.0
EWR,STT,684.3333333333333
EWR,SYR,779.5
EWR,TPA,327.1111111111111
EWR,XNA,1653.0
EYW,ATL,363.8
EYW,CLT,489.5
EYW,DCA,1602.0
EYW,DFW,893.5
EYW,EWR,661.6666666666666
EYW,IAD,882.5
EYW,IAH,1600.0
EYW,JFK,1460.0
EYW,LGA,1617.0
EYW,MIA,405.0
EYW,ORD,832.0
EYW,PHL,884.0
FAR,AZA,1605.0
FAR,DEN,535.6666666666666
FAR,DFW,1460.0
FAR,MSP,540.0
FAR,ORD,500.0
FAR,PIE,1651.0
FAT,DEN,619.3333333333333
FAT,DFW,907.5
FAT,LAS,547.0
FAT,LAX,543.0
FAT,ORD,740.0
FAT,PDX,1552.0
FAT,PHX,1460.0
FAT,SAN,1509.0
FAT,SEA,633.0
FAT,SFO,531.0
FAT,SLC,819.5
FAY,ATL,799.0
FAY,CLT,419.5
FAY,DFW,1630.0
FCA,DEN,841.0
FCA,MSP,876.0
FCA,ORD,1460.0
FCA,SEA,819.0
FCA,SLC,813.0
FLG,DFW,853.0
FLG,PHX,753.0
FLL,ACY,1460.0
FLL,ALB,1616.0
FLL,ATL,171.0
FLL,AUS,652.6666666666666
FLL,AVL,829.0
FLL,BDL,645.6666666666666
FLL,BNA,354.3333333333333
FLL,BOS,265.0909090909091
FLL,BQN,858.5
FLL,BUF,899.0
FLL,BWI,275.1
FLL,BZN,1747.0
FLL,CHS,1460.0
FLL,CLE,632.0
FLL,CLT,340.6666666666667
FLL,CMH,506.0
FLL,CVG,1593.0
FLL,DAL,535.5
FLL,DCA,399.2
FLL,DEN,421.1428571428572
FLL,DFW,384.7142857142857
FLL,DTW,332.57142857142856
FLL,EWR,260.57142857142856
FLL,FSD,1659.0
FLL,HDN,1735.0
FLL,HOU,516.0
FLL,HPN,1615.0
FLL,IAD,1592.0
FLL,IAH,359.0
FLL,IND,479.75
FLL,ISP,1602.0
FLL,JAX,791.0
FLL,JFK,253.09090909090912
FLL,LAS,885.5
FLL,LAX,577.3333333333333
FLL,LBE,1591.0
FLL,LGA,250.41666666666669
FLL,MCI,613.0
FLL,MCO,537.0
FLL,MDW,380.0
FLL,MHT,1622.0
FLL,MKE,663.0
FLL,MSP,1654.0
FLL,MSY,480.0
FLL,MYR,1539.0
FLL,ORD,299.7
FLL,ORH,1608.0
FLL,PBG,1621.0
FLL,PDX,1820.0
FLL,PHL,340.0
FLL,PHX,1016.0
FLL,PIA,1619.0
FLL,PIT,508.5
FLL,PVD,887.0
FLL,RDU,787.0
FLL,RIC,848.0
FLL,SAN,1055.5
FLL,SAT,1625.0
FLL,SDF,1460.0
FLL,SEA,927.0
FLL,SFO,718.5
FLL,SJU,349.42857142857144
FLL,SLC,1014.5
FLL,STL,447.2
FLL,STT,1585.0
FLL,STX,1594.0
FLL,TPA,779.0
FLL,TYS,1550.0
FLL,USA,1554.0
FLO,CLT,776.0
FNT,CLT,830.5
FNT,ORD,740.0
FNT,PGD,1617.0
FNT,PIE,1605.0
FNT,SFB,1599.0
FNT,SRQ,1605.0
FSD,ATL,1589.0
FSD,AZA,1593.0
FSD,CLT,1595.0
FSD,DEN,551.6666666666666
FSD,DFW,1585.0
FSD,FLL,1653.0
FSD,LAS,1615.0
FSD,MSP,525.3333333333333
FSD,ORD,522.0
FSD,PHX,1599.0
FSD,SFB,1627.0
FSM,DFW,549.3333333333334
FWA,ATL,829.5
FWA,AZA,1669.0
FWA,CLT,815.5
FWA,DFW,915.0
FWA,DTW,1460.0
FWA,MSP,1541.0
FWA,ORD,740.0
FWA,PGD,1589.0
FWA,PHL,1526.0
GCC,DEN,767.0
GCK,DFW,1534.0
GEG,AZA,1586.0
GEG,BOI,1506.0
GEG,DEN,485.75
GEG,DFW,1644.0
GEG,LAS,840.5
GEG,LAX,864.0
GEG,MSP,881.0
GEG,OAK,835.5
GEG,ORD,822.5
GEG,PAE,1503.0
GEG,PDX,801.5
GEG,PHX,618.0
GEG,SAN,1597.0
GEG,SEA,188.5
GEG,SFO,840.5
GEG,SJC,791.5
GEG,SLC,812.5
GEG,SMF,1544.0
GFK,MSP,531.3333333333333
GGG,DFW,1499.0
GJT,DEN,513.6666666666667
GJT,DFW,1560.0
GJT,PHX,1522.0
GJT,SLC,539.6666666666666
GNV,ATL,550.6666666666666
GNV,CLT,563.0
GNV,DFW,1605.0
GNV,MIA,765.0
GPT,ATL,792.5
GPT,CLT,1540.0
GPT,DFW,828.5
GPT,IAH,1526.0
GRB,ATL,1580.0
GRB,DTW,1506.0
GRB,MSP,787.5
GRB,ORD,740.0
GRI,DFW,838.0
GRK,DFW,279.1666666666667
GRK,IAH,776.5
GRR,ATL,602.6666666666667
GRR,CLT,1547.0
GRR,DCA,812.0
GRR,DEN,606.3333333333333
GRR,DFW,678.0
GRR,DTW,393.5
GRR,EWR,814.5
GRR,IAD,1528.0
GRR,IAH,1460.0
GRR,MCO,884.0
GRR,MDW,758.0
GRR,MIA,1624.0
GRR,MSP,546.3333333333334
GRR,ORD,279.1666666666667
GRR,PGD,1609.0
GRR,PHX,968.5
GRR,PIE,1607.0
GRR,RSW,901.5
GRR,SFB,1593.0
GRR,TPA,887.5
GSO,ATL,436.75
GSO,CLT,286.6666666666667
GSO,DCA,781.0
GSO,DFW,903.5
GSO,EWR,449.0
GSO,IAD,784.0
GSO,LGA,445.25
GSO,MIA,1563.0
GSO,ORD,788.5
GSO,PHL,792.5
GSP,ATL,287.6666666666667
GSP,BWI,1525.0
GSP,CLT,293.5
GSP,DCA,799.5
GSP,DEN,1692.0
GSP,DFW,646.3333333333334
GSP,EWR,781.0
GSP,HOU,1595.0
GSP,IAD,808.5
GSP,IAH,1593.0
GSP,LGA,1546.0
GSP,MIA,1547.0
GSP,ORD,789.5
GSP,PHL,813.5
GTF,DEN,783.0
GTF,SEA,1566.0
GTF,SLC,802.0
GTR,ATL,783.0
GUC,DEN,756.0
GUC,DFW,835.0
GUC,IAH,1585.0
GUM,SPN,1485.0
HDN,ATL,1615.0
HDN,BOS,1655.0
HDN,DAL,1564.0
HDN,DEN,311.3333333333333
HDN,DFW,847.5
HDN,FLL,1686.0
HDN,HOU,1590.0
HDN,IAH,1595.0
HDN,LAX,1460.0
HDN,MSP,1559.0
HDN,ORD,871.5
HDN,SAN,1561.0
HDN,SEA,1601.0
HHH,ATL,786.5
HHH,CLT,786.0
HHH,IAD,1535.0
HIB,MSP,1460.0
HLN,SEA,1562.0
HLN,SLC,1516.0
HOB,IAH,1542.0
HOU,ABQ,854.0
HOU,ATL,349.0
HOU,AUS,530.3333333333333
HOU,BHM,1533.0
HOU,BNA,579.0
HOU,BOS,1638.0
HOU,BUR,1664.0
HOU,BWI,648.3333333333334
HOU,CHS,1570.0
HOU,CMH,1573.0
HOU,CRP,775.0
HOU,DAL,300.8333333333333
HOU,DCA,635.6666666666666
HOU,DEN,378.1666666666667
HOU,DFW,543.6666666666666
HOU,ECP,1531.0
HOU,ELP,1565.0
HOU,FLL,494.25
HOU,GSP,1563.0
HOU,HDN,1627.0
HOU,HRL,545.0
HOU,IND,1553.0
HOU,JAN,788.5
HOU,JAX,1554.0
HOU,LAS,480.6
HOU,LAX,698.0
HOU,LGA,901.5
HOU,LGB,1657.0
HOU,MAF,809.0
HOU,MCI,822.5
HOU,MCO,367.6666666666667
HOU,MDW,406.5
HOU,MEM,1518.0
HOU,MIA,611.6666666666667
HOU,MSY,544.3333333333334
HOU,MTJ,1616.0
HOU,OAK,961.0
HOU,OKC,796.0
HOU,OMA,1557.0
HOU,PHX,532.5
HOU,PIT,1460.0
HOU,PNS,1521.0
HOU,RSW,1568.0
HOU,SAN,930.5
HOU,SAT,778.5
HOU,SAV,1563.0
HOU,SJC,1685.0
HOU,SJU,1684.0
HOU,SLC,1621.0
HOU,SMF,1683.0
HOU,SNA,1657.0
HOU,SRQ,1557.0
HOU,STL,583.6666666666666
HOU,TPA,480.5
HOU,TUL,1519.0
HPN,ATL,578.6666666666666
HPN,CLT,786.5
HPN,DCA,549.0
HPN,DTW,1460.0
HPN,MCO,1598.0
HPN,ORD,1618.0
HPN,PBI,531.25
HPN,RSW,911.5
HPN,TPA,1611.0
HRL,DAL,1529.0
HRL,DEN,1594.0
HRL,DFW,568.3333333333334
HRL,HOU,544.6666666666666
HRL,IAH,764.0
HSV,ATL,403.5
HSV,CLT,551.6666666666666
HSV,DCA,821.5
HSV,DEN,1630.0
HSV,DFW,587.3333333333334
HSV,IAD,1540.0
HSV,IAH,849.0
HSV,ORD,782.0
HTS,CLT,1500.0
HTS,SFB,1551.0
HYS,DEN,1516.0
IAD,ABE,1494.0
IAD,ALB,1511.0
IAD,ATL,285.75
IAD,AUS,949.5
IAD,AVL,805.0
IAD,AVP,1491.0
IAD,BDL,806.5
IAD,BGR,1549.0
IAD,BNA,1555.0
IAD,BOS,561.3333333333334
IAD,BTV,803.0
IAD,BUF,788.0
IAD,CAE,1525.0
IAD,CAK,1515.0
IAD,CHO,763.5
IAD,CHS,575.6666666666666
IAD,CKB,1497.0
IAD,CLE,795.0
IAD,CLT,284.2857142857143
IAD,CMH,797.0
IAD,CVG,575.0
IAD,DAY,815.5
IAD,DEN,398.6666666666666
IAD,DFW,523.0
IAD,DTW,375.6
IAD,ERI,1508.0
IAD,EWR,306.0
IAD,EYW,891.5
IAD,FLL,630.0
IAD,GRR,1545.0
IAD,GSO,786.5
IAD,GSP,807.5
IAD,HHH,1541.0
IAD,HSV,1561.0
IAD,IAH,558.75
IAD,ILM,1519.0
IAD,IND,588.0
IAD,ITH,1503.0
IAD,JAX,841.0
IAD,JST,1492.0
IAD,LAS,1034.0
IAD,LAX,621.2
IAD,LGA,547.3333333333334
IAD,MCI,1620.0
IAD,MCO,415.4
IAD,MDT,1482.0
IAD,MHT,1523.0
IAD,MIA,872.5
IAD,MKE,1598.0
IAD,MSP,644.0
IAD,MSY,818.0
IAD,MYR,1521.0
IAD,OGS,1460.0
IAD,ORD,843.5
IAD,ORF,537.6666666666666
IAD,PBG,803.5
IAD,PBI,865.5
IAD,PDX,1802.0
IAD,PHL,766.5
IAD,PHX,1024.5
IAD,PIT,534.6666666666666
IAD,PNS,1584.0
IAD,PVD,1517.0
IAD,PWM,1524.0
IAD,RDU,787.0
IAD,RIC,523.6666666666667
IAD,ROA,1500.0
IAD,ROC,740.0
IAD,RSW,628.3333333333334
IAD,SAN,1774.0
IAD,SAT,968.0
IAD,SAV,820.0
IAD,SCE,771.0
IAD,SDF,825.0
IAD,SEA,715.3333333333333
IAD,SFO,634.8
IAD,SHD,1486.0
IAD,SJU,928.5
IAD,SMF,1773.0
IAD,SRQ,1588.0
IAD,STL,862.0
IAD,STT,1662.0
IAD,SYR,787.0
IAD,TPA,618.0
IAD,TYS,814.0
IAH,ABQ,616.0
IAH,AEX,1499.0
IAH,AMA,825.5
IAH,ASE,467.5
IAH,ATL,227.3333333333333
IAH,AUS,289.6666666666667
IAH,BDL,1637.0
IAH,BHM,1551.0
IAH,BNA,344.6666666666667
IAH,BOI,1657.0
IAH,BOS,560.0
IAH,BRO,1522.0
IAH,BTR,542.0
IAH,BWI,888.0
IAH,BZN,1648.0
IAH,CHS,847.0
IAH,CLE,854.5
IAH,CLL,1479.0
IAH,CLT,491.0
IAH,CMH,851.0
IAH,COS,1604.0
IAH,CRP,350.2
IAH,CVG,848.0
IAH,DAL,408.0
IAH,DCA,517.25
IAH,DEN,247.3076923076923
IAH,DFW,195.3636363636364
IAH,DSM,1460.0
IAH,DTW,404.2
IAH,ECP,820.0
IAH,EGE,1598.0
IAH,ELP,459.75
IAH,EWR,325.7
IAH,EYW,1590.0
IAH,FLL,340.42857142857144
IAH,GPT,795.0
IAH,GRK,777.0
IAH,GSP,1568.0
IAH,GUC,1605.0
IAH,HDN,1614.0
IAH,HOB,1540.0
IAH,HRL,791.5
IAH,HSV,1537.0
IAH,IAD,449.2
IAH,ICT,577.3333333333334
IAH,IND,831.0
IAH,JAC,1631.0
IAH,JAN,789.0
IAH,JAX,840.0
IAH,JFK,1630.0
IAH,LAS,335.8
IAH,LAX,318.58333333333337
IAH,LBB,1539.0
IAH,LFT,539.0
IAH,LGA,327.33333333333337
IAH,LIT,559.3333333333334
IAH,LRD,1523.0
IAH,MAF,451.25
IAH,MCI,556.0
IAH,MCO,257.9090909090909
IAH,MDW,1460.0
IAH,MEI,1526.0
IAH,MEM,770.0
IAH,MFE,801.5
IAH,MIA,317.375
IAH,MKE,851.5
IAH,MLU,1500.0
IAH,MOB,800.0
IAH,MSP,499.75
IAH,MSY,240.125
IAH,MTJ,1611.0
IAH,OKC,365.2
IAH,OMA,786.0
IAH,ONT,1654.0
IAH,ORD,309.625
IAH,ORF,1599.0
IAH,PBI,857.5
IAH,PDX,988.0
IAH,PHL,897.5
IAH,PHX,381.57142857142856
IAH,PIB,1460.0
IAH,PIT,866.5
IAH,PNS,1522.0
IAH,PSP,932.5
IAH,RDU,863.5
IAH,RIC,1595.0
IAH,RNO,1662.0
IAH,RSW,606.6666666666667
IAH,SAN,685.0
IAH,SAT,299.3333333333333
IAH,SAV,841.0
IAH,SDF,1551.0
IAH,SEA,561.8
IAH,SFO,445.0
IAH,SGF,1531.0
IAH,SHV,1496.0
IAH,SJC,959.5
IAH,SJU,721.3333333333333
IAH,SLC,424.6666666666666
IAH,SMF,962.5
IAH,SNA,693.6666666666666
IAH,SRQ,1568.0
IAH,STL,822.0
IAH,STT,1691.0
IAH,TPA,357.5
IAH,TUL,796.5
IAH,TUS,647.0
IAH,TYS,597.3333333333333
IAH,VCT,1488.0
IAH,VPS,1528.0
IAH,XNA,1522.0
ICT,ATL,842.5
ICT,DEN,812.0
ICT,DFW,315.3333333333333
ICT,IAH,603.0
ICT,LAS,1596.0
ICT,MSP,1460.0
ICT,ORD,416.5
ICT,PHX,1580.0
ICT,SEA,1673.0
ICT,STL,1510.0
IDA,AZA,1545.0
IDA,DEN,522.3333333333333
IDA,DFW,878.0
IDA,PHX,1545.0
IDA,SEA,1576.0
IDA,SLC,775.5
ILM,ATL,567.6666666666666
ILM,CLT,428.25
ILM,DCA,794.0
ILM,DFW,1628.0
ILM,IAD,1516.0
ILM,LGA,575.0
ILM,PHL,1526.0
IMT,DTW,1460.0
IMT,MSP,1510.0
IND,ATL,367.2
IND,AUS,903.0
IND,BOS,837.5
IND,BWI,771.5
IND,CLT,450.75
IND,DAL,1587.0
IND,DCA,451.0
IND,DEN,410.33333333333337
IND,DFW,871.5
IND,DTW,776.0
IND,EWR,586.6666666666666
IND,FLL,526.0
IND,HOU,1612.0
IND,IAD,567.0
IND,IAH,887.0
IND,JFK,833.5
IND,LAS,650.0
IND,LGA,345.1666666666667
IND,MCO,294.22222222222223
IND,MIA,523.5
IND,MSP,581.3333333333334
IND,ORD,324.8
IND,PGD,1600.0
IND,PHL,812.5
IND,PHX,727.3333333333333
IND,RSW,394.1666666666666
IND,SEA,1730.0
IND,SFB,1574.0
IND,SFO,1731.0
IND,SRQ,623.3333333333333
IND,TPA,358.0
INL,MSP,1508.0
ISP,ATL,1599.0
ISP,BNA,1605.0
ISP,BWI,557.0
ISP,FLL,1620.0
ISP,MCO,520.5
ISP,PBI,532.75
ISP,PHL,1510.0
ISP,RSW,1632.0
ISP,TPA,661.0
ITH,CLT,841.0
ITH,DTW,1535.0
ITH,IAD,788.5
JAC,ATL,1642.0
JAC,CLT,1663.0
JAC,DEN,427.75
JAC,DFW,881.0
JAC,EWR,1671.0
JAC,IAH,1616.0
JAC,JFK,1678.0
JAC,LAX,536.3333333333334
JAC,MSP,1570.0
JAC,ORD,591.3333333333333
JAC,SAN,1569.0
JAC,SEA,844.0
JAC,SFO,857.0
JAC,SLC,778.0
JAN,ATL,359.2
JAN,BWI,1571.0
JAN,CLT,815.5
JAN,DCA,1568.0
JAN,DFW,455.5
JAN,HOU,803.0
JAN,IAH,808.0
JAN,MCO,1538.0
JAX,ATL,264.8571428571429
JAX,AUS,1602.0
JAX,BNA,818.5
JAX,BOS,623.6666666666667
JAX,BWI,592.6666666666667
JAX,CLT,438.75
JAX,DCA,463.25
JAX,DEN,952.0
JAX,DFW,521.75
JAX,DTW,850.0
JAX,EWR,490.75
JAX,FLL,766.5
JAX,HOU,1586.0
JAX,IAD,586.6666666666666
JAX,IAH,622.0
JAX,JFK,397.8
JAX,LAX,1753.0
JAX,LGA,461.25
JAX,MIA,265.1428571428572
JAX,ORD,488.5
JAX,PHL,846.0
JAX,STL,1563.0
JFK,ABQ,1725.0
JFK,ATL,310.0
JFK,AUS,493.8
JFK,BNA,637.3333333333334
JFK,BOS,195.5
JFK,BQN,925.0
JFK,BTV,764.0
JFK,BUF,425.25
JFK,BUR,1807.0
JFK,BZN,1755.0
JFK,CHS,598.0
JFK,CLE,586.0
JFK,CLT,402.2
JFK,CMH,588.0
JFK,CVG,1569.0
JFK,DCA,364.2
JFK,DEN,860.0
JFK,DFW,606.25
JFK,DTW,569.6666666666666
JFK,EGE,1724.0
JFK,EYW,1460.0
JFK,FLL,274.27272727272725
JFK,IAH,1673.0
JFK,IND,621.0
JFK,JAC,1755.0
JFK,JAX,433.0
JFK,LAS,527.5
JFK,LAX,392.8125
JFK,MCO,240.0769230769231
JFK,MIA,250.4375
JFK,MSP,556.0
JFK,MSY,679.6666666666666
JFK,ONT,1791.0
JFK,ORD,308.5
JFK,ORH,769.5
JFK,PBI,332.42857142857144
JFK,PDX,651.5
JFK,PHL,1498.0
JFK,PHX,706.5
JFK,PIT,451.25
JFK,PSE,1652.0
JFK,PSP,1807.0
JFK,PWM,1502.0
JFK,RDU,290.42857142857144
JFK,RIC,1520.0
JFK,RNO,1788.0
JFK,ROC,420.25
JFK,RSW,602.0
JFK,SAN,487.83333333333326
JFK,SAT,1710.0
JFK,SAV,572.3333333333334
JFK,SEA,507.375
JFK,SFO,438.7692307692308
JFK,SJC,1823.0
JFK,SJU,329.9
JFK,SLC,668.0
JFK,SNA,1827.0
JFK,SRQ,1460.0
JFK,STT,686.0
JFK,SYR,1507.0
JFK,TPA,352.8571428571429
JLN,DEN,1555.0
JLN,ORD,1524.0
JMS,DEN,1460.0
JMS,DVL,763.0
JST,IAD,1484.0
JST,ORD,1460.0
LAN,DCA,1526.0
LAN,DTW,513.6666666666667
LAN,ORD,529.0
LAR,DEN,1460.0
LAS,ABQ,802.0
LAS,AMA,1550.0
LAS,ATL,335.58333333333326
LAS,AUS,305.3333333333333
LAS,BHM,1641.0
LAS,BLI,881.5
LAS,BNA,552.75
LAS,BOI,1537.0
LAS,BOS,759.0
LAS,BUF,1672.0
LAS,BUR,271.57142857142856
LAS,BWI,608.5
LAS,BZN,844.5
LAS,CLE,587.0
LAS,CLT,476.83333333333326
LAS,CMH,836.0
LAS,COS,586.6666666666666
LAS,CVG,1640.0
LAS,DAL,477.0
LAS,DCA,1688.0
LAS,DEN,212.69230769230768
LAS,DFW,242.7333333333333
LAS,DSM,883.0
LAS,DTW,424.1428571428572
LAS,ELP,813.0
LAS,EUG,1565.0
LAS,EWR,370.33333333333326
LAS,FAT,544.6666666666666
LAS,FLL,978.5
LAS,FSD,1606.0
LAS,GEG,863.5
LAS,HOU,454.6
LAS,IAD,964.0
LAS,IAH,307.7
LAS,ICT,1574.0
LAS,IND,676.0
LAS,JFK,515.1666666666666
LAS,LAX,127.4
LAS,LBB,1555.0
LAS,LGB,421.5
LAS,LIT,1602.0
LAS,MAF,1553.0
LAS,MCI,638.0
LAS,MCO,612.75
LAS,MDW,555.6666666666666
LAS,MEM,1616.0
LAS,MFE,1603.0
LAS,MIA,499.8
LAS,MKE,618.6666666666667
LAS,MSP,416.33333333333337
LAS,MSY,827.5
LAS,OAK,230.4
LAS,OKC,859.0
LAS,OMA,879.5
LAS,ONT,414.25
LAS,ORD,307.5
LAS,PAE,1605.0
LAS,PDX,320.25
LAS,PHL,611.5
LAS,PHX,241.125
LAS,PIT,955.0
LAS,PSP,1493.0
LAS,RDU,723.6666666666666
LAS,RNO,318.66666666666663
LAS,SAN,262.57142857142856
LAS,SAT,501.25
LAS,SBA,548.3333333333334
LAS,SCK,1512.0
LAS,SDF,930.0
LAS,SEA,245.0
LAS,SFO,193.3846153846154
LAS,SJC,368.8
LAS,SLC,284.42857142857144
LAS,SMF,227.5
LAS,SNA,234.75
LAS,STL,465.4
LAS,TPA,720.3333333333333
LAS,TUL,1583.0
LAS,TUS,790.0
LAW,DFW,524.6666666666667
LAX,ABQ,360.0
LAX,ACV,1543.0
LAX,ASE,332.6666666666667
LAX,ATL,367.45454545454544
LAX,AUS,260.8461538461538
LAX,BIH,1522.0
LAX,BNA,509.4
LAX,BOI,483.0
LAX,BOS,449.2
LAX,BWI,750.0
LAX,BZN,489.0
LAX,CHS,1460.0
LAX,CLE,976.5
LAX,CLT,621.75
LAX,CMH,1684.0
LAX,COS,1580.0
LAX,DAL,457.2
LAX,DCA,568.5
LAX,DEN,203.6315789473684
LAX,DFW,230.11764705882356
LAX,DTW,416.2857142857143
LAX,EGE,740.0
LAX,ELP,587.6666666666666
LAX,EUG,852.5
LAX,EWR,400.1
LAX,FAT,540.0
LAX,FLL,392.875
LAX,GEG,869.5
LAX,HDN,1460.0
LAX,HOU,899.0
LAX,IAD,554.0
LAX,IAH,295.9090909090909
LAX,IND,844.5
LAX,JAC,740.0
LAX,JAX,1460.0
LAX,JFK,351.4705882352941
LAX,LAS,124.42857142857142
LAX,LGA,1728.0
LAX,MCI,664.3333333333334
LAX,MCO,398.22222222222223
LAX,MDW,740.0
LAX,MEM,1654.0
LAX,MFR,835.5
LAX,MIA,401.0
LAX,MKE,1662.0
LAX,MRY,1507.0
LAX,MSP,415.83333333333337
LAX,MSY,832.5
LAX,MTJ,1558.0
LAX,OAK,305.0
LAX,OKC,881.5
LAX,OMA,1460.0
LAX,ORD,269.46153846153845
LAX,PBI,1714.0
LAX,PDX,262.6
LAX,PHL,472.83333333333326
LAX,PHX,157.77777777777777
LAX,PIT,1700.0
LAX,PRC,1515.0
LAX,PSP,1495.0
LAX,RDD,1537.0
LAX,RDM,793.0
LAX,RDU,988.0
LAX,RNO,248.75
LAX,RSW,996.0
LAX,SAN,753.5
LAX,SAT,522.25
LAX,SBA,1480.0
LAX,SBP,774.5
LAX,SDF,1460.0
LAX,SEA,248.7692307692308
LAX,SFO,144.8421052631579
LAX,SHV,1617.0
LAX,SJC,201.63636363636363
LAX,SLC,233.41666666666669
LAX,SMF,206.4
LAX,STL,684.3333333333333
LAX,STS,805.5
LAX,SUN,803.0
LAX,TPA,616.25
LAX,TUL,1613.0
LAX,TUS,370.2
LBB,AUS,1510.0
LBB,DAL,550.3333333333334
LBB,DFW,405.0
LBB,IAH,814.5
LBB,LAS,1571.0
LBB,PHX,1562.0
LBE,FLL,1597.0
LBE,MCO,1571.0
LBE,RSW,1460.0
LBF,DEN,1507.0
LBL,DEN,1460.0
LCH,DFW,797.5
LCH,IAH,1489.0
LCK,PGD,1583.0
LCK,SFB,1561.0
LEX,ATL,558.0
LEX,CLT,558.6666666666666
LEX,DFW,891.5
LEX,DTW,787.0
LEX,ORD,500.0
LFT,ATL,809.0
LFT,CLT,834.0
LFT,DFW,562.6666666666666
LFT,IAH,544.6666666666666
LGA,ATL,208.0
LGA,BGR,1514.0
LGA,BHM,1597.0
LGA,BNA,303.22222222222223
LGA,BOS,283.0
LGA,BTV,1505.0
LGA,BUF,1515.0
LGA,BWI,781.5
LGA,CAE,1557.0
LGA,CHO,1520.0
LGA,CHS,596.0
LGA,CLE,385.2
LGA,CLT,269.25
LGA,CMH,396.0
LGA,CVG,488.75
LGA,DAL,725.6666666666666
LGA,DAY,1563.0
LGA,DCA,241.75
LGA,DEN,421.0
LGA,DFW,422.875
LGA,DTW,254.55555555555557
LGA,EGE,1740.0
LGA,EYW,926.5
LGA,FLL,240.5833333333333
LGA,GSO,459.75
LGA,GSP,1561.0
LGA,HOU,966.5
LGA,IAD,550.3333333333334
LGA,IAH,360.1
LGA,ILM,581.3333333333334
LGA,IND,501.5
LGA,JAX,502.75
LGA,LAX,1833.0
LGA,MCI,576.0
LGA,MCO,300.4
LGA,MDW,740.0
LGA,MEM,670.6666666666666
LGA,MIA,242.57142857142856
LGA,MKE,867.5
LGA,MSN,1596.0
LGA,MSP,483.4
LGA,MSY,1650.0
LGA,MTJ,1460.0
LGA,MYR,1547.0
LGA,OKC,1709.0
LGA,OMA,936.5
LGA,ORD,169.93333333333334
LGA,ORF,361.2
LGA,PBI,404.83333333333337
LGA,PIT,372.8
LGA,PNS,1626.0
LGA,PWM,1501.0
LGA,RDU,301.42857142857144
LGA,RIC,439.75
LGA,ROA,1535.0
LGA,RSW,654.3333333333334
LGA,SAV,846.5
LGA,SDF,621.3333333333333
LGA,SJU,1460.0
LGA,SRQ,900.5
LGA,STL,416.1666666666666
LGA,SYR,1501.0
LGA,TPA,352.5
LGA,XNA,1667.0
LGB,AUS,811.5
LGB,DAL,1600.0
LGB,DEN,617.6666666666667
LGB,DFW,1608.0
LGB,HOU,1621.0
LGB,LAS,420.5
LGB,MDW,1460.0
LGB,OAK,362.0
LGB,PHX,436.75
LGB,RNO,1521.0
LGB,SJC,536.0
LGB,SLC,564.0
LGB,SMF,440.5
LGB,STL,1639.0
LIT,ATL,446.0
LIT,CLT,588.0
LIT,DAL,799.0
LIT,DEN,863.5
LIT,DFW,330.8333333333333
LIT,IAH,571.6666666666666
LIT,LAS,1652.0
LIT,MIA,1579.0
LIT,ORD,818.0
LIT,PHX,1636.0
LIT,STL,1516.0
LNK,DEN,813.0
LNK,MSP,766.5
LNK,ORD,1460.0
LRD,DFW,438.0
LSE,DTW,1460.0
LSE,MSP,752.5
LSE,ORD,760.0
LWB,ORD,1460.0
LWS,DEN,1567.0
LWS,SLC,806.0
LYH,CLT,422.25
MAF,DAL,547.3333333333334
MAF,DEN,778.5
MAF,DFW,430.75
MAF,HOU,805.5
MAF,IAH,564.0
MAF,LAS,1573.0
MAF,PHX,1560.0
MBS,DTW,527.0
MBS,ORD,1509.0
MCI,ABQ,1571.0
MCI,ATL,305.8333333333333
MCI,AUS,853.5
MCI,BNA,811.5
MCI,BOS,1595.0
MCI,BWI,846.0
MCI,CLT,455.25
MCI,DAL,445.25
MCI,DCA,851.0
MCI,DEN,466.0
MCI,DFW,367.0
MCI,DTW,740.0
MCI,FLL,613.3333333333333
MCI,HOU,864.0
MCI,IAD,1460.0
MCI,IAH,577.3333333333334
MCI,LAS,534.25
MCI,LAX,621.6666666666667
MCI,LGA,505.25
MCI,MCO,417.2
MCI,MDW,740.0
MCI,MIA,604.6666666666667
MCI,MSP,767.5
MCI,MSY,1559.0
MCI,OAK,1655.0
MCI,ORD,340.4
MCI,PDX,1666.0
MCI,PGD,1607.0
MCI,PHL,856.0
MCI,PHX,426.2
MCI,PIE,1590.0
MCI,RSW,893.0
MCI,SAN,1460.0
MCI,SEA,569.3333333333334
MCI,SLC,1460.0
MCI,STL,1502.0
MCI,TPA,876.5
MCO,ACY,794.0
MCO,ALB,480.5
MCO,ATL,150.95
MCO,AUS,290.6363636363636
MCO,BDL,317.1428571428572
MCO,BHM,811.0
MCO,BNA,294.8571428571429
MCO,BOS,265.8461538461538
MCO,BQN,447.25
MCO,BUF,435.2
MCO,BWI,229.07142857142856
MCO,CAK,1570.0
MCO,CLE,316.0
MCO,CLT,221.3636363636364
MCO,CMH,292.625
MCO,COS,1663.0
MCO,CVG,419.6
MCO,DAL,364.28571428571433
MCO,DCA,238.16666666666669
MCO,DEN,377.5
MCO,DFW,295.6363636363636
MCO,DTW,291.44444444444446
MCO,EWR,231.4375
MCO,FLL,537.3333333333334
MCO,GRR,884.5
MCO,HOU,428.6
MCO,HPN,874.0
MCO,IAD,409.0
MCO,IAH,249.5833333333333
MCO,IND,282.77777777777777
MCO,ISP,506.0
MCO,JAN,1549.0
MCO,JFK,224.5
MCO,LAS,657.5
MCO,LAX,503.625
MCO,LBE,1460.0
MCO,LGA,294.6
MCO,MCI,359.0
MCO,MDW,287.57142857142856
MCO,MEM,791.5
MCO,MHT,526.0
MCO,MIA,198.9
MCO,MKE,406.83333333333337
MCO,MSP,376.7142857142857
MCO,MSY,273.875
MCO,OKC,1611.0
MCO,OMA,1624.0
MCO,ONT,1758.0
MCO,ORD,233.5333333333333
MCO,ORF,1553.0
MCO,PDX,1811.0
MCO,PHL,208.72222222222223
MCO,PHX,524.3333333333333
MCO,PIT,308.5
MCO,PNS,1521.0
MCO,PSE,883.5
MCO,PVD,344.8571428571429
MCO,RDU,326.3333333333333
MCO,RIC,560.3333333333334
MCO,ROC,628.0
MCO,RSW,765.5
MCO,SAN,1460.0
MCO,SAT,529.75
MCO,SDF,482.5
MCO,SEA,639.5
MCO,SFO,707.0
MCO,SJU,233.77777777777777
MCO,SLC,646.25
MCO,STL,320.25
MCO,STT,886.0
MCO,SWF,1592.0
MCO,SYR,632.6666666666666
MCO,TTN,859.5
MCW,ORD,1506.0
MDT,ATL,840.5
MDT,CLT,455.0
MDT,DFW,1667.0
MDT,DTW,1532.0
MDT,IAD,1485.0
MDT,ORD,795.5
MDT,PHL,520.6666666666667
MDT,SFB,1578.0
MDW,ALB,1460.0
MDW,ATL,346.6
MDW,BDL,1460.0
MDW,BNA,531.6666666666667
MDW,BOS,1460.0
MDW,BUF,1460.0
MDW,BWI,1536.0
MDW,CHS,1460.0
MDW,CLE,761.5
MDW,CMH,532.3333333333334
MDW,COS,1460.0
MDW,CVG,1460.0
MDW,DAL,816.5
MDW,DCA,500.0
MDW,DEN,548.6666666666666
MDW,DTW,512.3333333333333
MDW,FLL,371.0
MDW,GRR,753.5
MDW,HOU,925.0
MDW,IAH,1460.0
MDW,LAS,851.0
MDW,LAX,861.0
MDW,LGA,786.0
MDW,LGB,1460.0
MDW,MCI,740.0
MDW,MCO,299.7142857142857
MDW,MEM,1460.0
MDW,MHT,1460.0
MDW,MIA,819.5
MDW,MSP,333.8
MDW,MYR,1460.0
MDW,OAK,868.0
MDW,OKC,1460.0
MDW,OMA,526.3333333333333
MDW,ONT,1460.0
MDW,ORF,1460.0
MDW,PDX,1706.0
MDW,PHL,781.0
MDW,PHX,404.0
MDW,PIT,767.0
MDW,PVD,1460.0
MDW,RDU,740.0
MDW,RSW,419.25
MDW,SAN,862.0
MDW,SAT,1460.0
MDW,SAV,1460.0
MDW,SDF,1460.0
MDW,SFO,1460.0
MDW,SJC,1460.0
MDW,SJU,1713.0
MDW,SLC,1657.0
MDW,SMF,1460.0
MDW,SRQ,1599.0
MDW,STL,791.5
MDW,TPA,445.25
MEI,IAH,1530.0
MEM,ATL,312.0
MEM,BWI,1553.0
MEM,CLT,452.0
MEM,DAL,777.5
MEM,DCA,835.0
MEM,DEN,590.3333333333333
MEM,DFW,395.0
MEM,DTW,740.0
MEM,EWR,1583.0
MEM,HOU,1542.0
MEM,IAH,588.0
MEM,LAS,1666.0
MEM,LAX,1685.0
MEM,LGA,629.6666666666666
MEM,MCO,830.0
MEM,MDW,1528.0
MEM,MIA,1568.0
MEM,MSP,1556.0
MEM,ORD,778.0
MEM,PHL,1566.0
MEM,PHX,1667.0
MEM,SLC,1638.0
MEM,TPA,1549.0
MFE,DFW,445.5
MFE,IAH,793.5
MFE,LAS,1633.0
MFR,DEN,874.5
MFR,LAX,830.0
MFR,PDX,1503.0
MFR,PHX,1568.0
MFR,SEA,328.6666666666667
MFR,SFO,536.6666666666666
MFR,SLC,822.5
MGM,ATL,530.6666666666667
MGM,CLT,799.5
MGM,DCA,1542.0
MGM,DFW,1566.0
MHK,DFW,829.5
MHK,ORD,772.0
MHT,BWI,550.3333333333334
MHT,CLT,871.5
MHT,DCA,581.3333333333334
MHT,EWR,1512.0
MHT,FLL,1637.0
MHT,IAD,1545.0
MHT,MCO,549.25
MHT,MDW,1460.0
MHT,ORD,1620.0
MHT,PHL,815.5
MHT,RSW,1460.0
MHT,TPA,1650.0
MIA,ACY,1460.0
MIA,ALB,1615.0
MIA,ATL,170.78947368421052
MIA,AUS,363.3333333333333
MIA,BDL,430.2
MIA,BHM,835.5
MIA,BNA,374.6666666666667
MIA,BOS,311.3636363636364
MIA,BTV,1633.0
MIA,BWI,295.0
MIA,CHS,811.0
MIA,CLE,517.75
MIA,CLT,264.8888888888889
MIA,CMH,511.0
MIA,CVG,633.3333333333334
MIA,DAL,655.0
MIA,DCA,306.5
MIA,DEN,409.5555555555556
MIA,DFW,309.9090909090909
MIA,DSM,1460.0
MIA,DTW,310.0
MIA,EWR,278.08333333333337
MIA,EYW,411.25
MIA,GNV,786.5
MIA,GRR,1630.0
MIA,GSO,1558.0
MIA,GSP,1558.0
MIA,HOU,590.3333333333333
MIA,IAD,873.0
MIA,IAH,362.8571428571429
MIA,IND,522.5
MIA,JAX,272.2857142857143
MIA,JFK,249.06666666666663
MIA,LAS,483.8
MIA,LAX,483.8888888888889
MIA,LGA,261.6428571428571
MIA,LIT,1593.0
MIA,MCI,611.0
MIA,MCO,195.3
MIA,MDW,902.0
MIA,MEM,1580.0
MIA,MKE,902.5
MIA,MSN,1632.0
MIA,MSP,694.0
MIA,MSY,388.4
MIA,MYR,1540.0
MIA,OKC,1636.0
MIA,OMA,1665.0
MIA,ORD,194.91666666666663
MIA,ORF,853.0
MIA,PHL,315.44444444444446
MIA,PHX,777.3333333333333
MIA,PIT,442.0
MIA,PNS,558.0
MIA,RDU,326.7142857142857
MIA,RIC,852.5
MIA,ROC,1612.0
MIA,SAN,1769.0
MIA,SAT,1627.0
MIA,SAV,805.5
MIA,SDF,865.0
MIA,SEA,1827.0
MIA,SFO,721.0
MIA,SJU,330.0
MIA,SLC,1740.0
MIA,STL,521.25
MIA,STT,873.5
MIA,STX,872.5
MIA,SYR,1619.0
MIA,TLH,560.0
MIA,TPA,300.5
MIA,TUL,1629.0
MIA,TYS,791.0
MIA,XNA,1616.0
MKE,ATL,363.1666666666667
MKE,BNA,817.0
MKE,BOS,1557.0
MKE,BWI,815.5
MKE,CLT,834.0
MKE,DAL,1615.0
MKE,DCA,1546.0
MKE,DEN,426.0
MKE,DFW,648.3333333333334
MKE,DTW,500.0
MKE,EWR,787.0
MKE,FLL,669.3333333333334
MKE,IAD,1549.0
MKE,IAH,920.5
MKE,LAS,635.3333333333334
MKE,LAX,1699.0
MKE,LGA,830.5
MKE,MCO,407.5
MKE,MIA,913.0
MKE,MSP,550.3333333333334
MKE,ORD,753.5
MKE,PHL,831.5
MKE,PHX,523.6
MKE,RSW,429.5
MKE,SEA,1460.0
MKE,STL,1524.0
MKE,TPA,398.8
MKG,ORD,740.0
MLB,ATL,566.3333333333334
MLB,BNA,1560.0
MLB,CLT,585.3333333333334
MLB,DCA,1560.0
MLI,ATL,788.5
MLI,DEN,1595.0
MLI,DFW,800.0
MLI,MSP,1513.0
MLI,ORD,509.3333333333333
MLU,ATL,803.5
MLU,DFW,804.0
MOB,ATL,547.3333333333334
MOB,CLT,574.0
MOB,DFW,560.6666666666666
MOB,IAH,815.5
MOT,DEN,839.5
MOT,MSP,545.6666666666666
MQT,DTW,1520.0
MQT,MSP,1460.0
MQT,ORD,770.0
MRY,DEN,1591.0
MRY,DFW,1627.0
MRY,LAX,792.0
MRY,PHX,824.5
MRY,SAN,1460.0
MRY,SEA,1578.0
MRY,SFO,1479.0
MSN,ATL,857.5
MSN,CLT,601.0
MSN,DEN,869.0
MSN,DFW,888.0
MSN,DTW,789.0
MSN,LGA,1561.0
MSN,MIA,1633.0
MSN,MSP,528.0
MSN,ORD,318.2
MSN,PHL,1572.0
MSN,PHX,1670.0
MSO,DEN,827.0
MSO,DFW,910.5
MSO,MSP,1587.0
MSO,SEA,584.6666666666666
MSO,SLC,803.5
MSP,ABR,787.5
MSP,ATL,294.9
MSP,ATW,781.5
MSP,AUS,900.5
MSP,AZA,1625.0
MSP,BDL,862.0
MSP,BIL,1566.0
MSP,BIS,562.3333333333334
MSP,BJI,777.0
MSP,BNA,840.5
MSP,BOI,898.0
MSP,BOS,441.75
MSP,BRD,1483.0
MSP,BWI,612.3333333333333
MSP,BZN,861.0
MSP,CID,760.5
MSP,CIU,1518.0
MSP,CLE,832.5
MSP,CLT,621.0
MSP,CMH,824.5
MSP,CVG,586.3333333333334
MSP,CWA,1495.0
MSP,DAL,1608.0
MSP,DCA,494.0
MSP,DEN,306.75
MSP,DFW,405.1666666666666
MSP,DLH,529.6666666666667
MSP,DSM,786.5
MSP,DTW,450.5
MSP,ESC,1506.0
MSP,EWR,406.4
MSP,FAR,540.3333333333334
MSP,FCA,895.5
MSP,FLL,1651.0
MSP,FSD,524.6666666666667
MSP,FWA,1531.0
MSP,GEG,821.0
MSP,GFK,535.0
MSP,GRB,784.0
MSP,GRR,537.3333333333334
MSP,HDN,1577.0
MSP,HIB,1493.0
MSP,IAD,614.0
MSP,IAH,478.4
MSP,ICT,1550.0
MSP,IMT,1500.0
MSP,IND,572.0
MSP,INL,1504.0
MSP,JAC,1586.0
MSP,JFK,475.5
MSP,LAS,431.83333333333337
MSP,LAX,426.1666666666666
MSP,LGA,383.1666666666667
MSP,LNK,771.5
MSP,LSE,755.5
MSP,MCI,811.5
MSP,MCO,373.7142857142857
MSP,MDW,320.6
MSP,MEM,1570.0
MSP,MIA,694.3333333333333
MSP,MKE,552.6666666666666
MSP,MLI,1460.0
MSP,MOT,526.6666666666667
MSP,MQT,1460.0
MSP,MSN,543.3333333333334
MSP,MSO,1606.0
MSP,MSY,1628.0
MSP,OKC,1460.0
MSP,OMA,535.3333333333334
MSP,ORD,180.5
MSP,PDX,936.0
MSP,PHL,495.0
MSP,PHX,406.33333333333337
MSP,PIT,832.5
MSP,PSC,1642.0
MSP,PSP,1656.0
MSP,RAP,816.0
MSP,RDU,862.5
MSP,RHI,772.0
MSP,RIC,1579.0
MSP,RST,761.0
MSP,RSW,418.6666666666666
MSP,SAN,938.0
MSP,SAT,1460.0
MSP,SDF,1542.0
MSP,SEA,426.2
MSP,SFO,706.6666666666666
MSP,SJC,1658.0
MSP,SJU,1736.0
MSP,SLC,521.75
MSP,SMF,1655.0
MSP,SNA,1655.0
MSP,SRQ,1637.0
MSP,STL,553.0
MSP,TPA,672.0
MSP,VPS,1603.0
MSP,XWA,826.5
MSY,ATL,250.875
MSY,AUS,451.25
MSY,BNA,802.5
MSY,BWI,619.6666666666667
MSY,CLT,466.25
MSY,DAL,446.5
MSY,DCA,491.0
MSY,DEN,526.0
MSY,DFW,298.2857142857143
MSY,DTW,792.0
MSY,EWR,521.5
MSY,FLL,466.5
MSY,HOU,552.3333333333334
MSY,IAD,854.0
MSY,IAH,223.11111111111111
MSY,JFK,643.3333333333334
MSY,LAS,845.5
MSY,LAX,855.0
MSY,LGA,1598.0
MSY,MCI,1551.0
MSY,MCO,278.125
MSY,MIA,376.0
MSY,MSP,1585.0
MSY,ORD,435.5
MSY,PHL,866.0
MSY,PHX,933.0
MSY,SAN,1694.0
MSY,SAT,1539.0
MSY,SEA,1745.0
MSY,STL,1535.0
MSY,TPA,546.6666666666666
MTJ,ATL,1618.0
MTJ,DAL,1555.0
MTJ,DEN,264.57142857142856
MTJ,DFW,844.0
MTJ,EWR,1647.0
MTJ,HOU,1579.0
MTJ,IAH,1584.0
MTJ,LAX,1551.0
MTJ,LGA,1460.0
MTJ,ORD,1593.0
MTJ,PHX,1528.0
MTJ,SFO,1573.0
MYR,ACY,1529.0
MYR,ATL,421.75
MYR,BNA,819.5
MYR,BOS,1550.0
MYR,BWI,541.0
MYR,CLT,352.6
MYR,DFW,1642.0
MYR,EWR,829.5
MYR,FLL,1538.0
MYR,IAD,1522.0
MYR,LGA,1540.0
MYR,MDW,1460.0
MYR,MIA,1545.0
MYR,PHL,817.5
OAJ,ATL,806.5
OAJ,CLT,433.75
OAK,ABQ,1572.0
OAK,AUS,1631.0
OAK,BLI,844.0
OAK,BNA,1687.0
OAK,BOI,811.5
OAK,BUR,309.3333333333333
OAK,DAL,920.5
OAK,DEN,434.4
OAK,EUG,809.0
OAK,GEG,836.5
OAK,HOU,933.5
OAK,LAS,215.45454545454544
OAK,LAX,314.3333333333333
OAK,LGB,355.8
OAK,MCI,1635.0
OAK,MDW,847.5
OAK,ONT,554.3333333333334
OAK,PDX,462.5
OAK,PHX,397.6
OAK,PSP,805.5
OAK,RNO,1496.0
OAK,SAN,445.25
OAK,SBA,1506.0
OAK,SEA,410.8
OAK,SLC,463.25
OAK,SNA,324.8333333333333
OAK,STL,1460.0
OGS,IAD,740.0
OKC,ATL,474.75
OKC,AUS,804.0
OKC,BNA,1536.0
OKC,CLT,868.5
OKC,DCA,1601.0
OKC,DEN,324.3333333333333
OKC,DFW,302.5
OKC,HOU,813.5
OKC,IAH,365.0
OKC,LAS,877.5
OKC,LAX,911.5
OKC,LGA,1632.0
OKC,MCO,1587.0
OKC,MDW,1460.0
OKC,MIA,1611.0
OKC,MSP,1539.0
OKC,ORD,422.0
OKC,PHX,624.6666666666667
OKC,SEA,1668.0
OKC,SFB,1583.0
OKC,SLC,1590.0
OKC,STL,1518.0
OMA,ATL,462.25
OMA,AZA,1583.0
OMA,CLT,870.5
OMA,DAL,1460.0
OMA,DCA,1577.0
OMA,DEN,459.25
OMA,DFW,483.75
OMA,DTW,1541.0
OMA,HOU,1599.0
OMA,IAH,1460.0
OMA,LAS,1613.0
OMA,LAX,1460.0
OMA,LGA,872.5
OMA,MCO,1615.0
OMA,MDW,771.0
OMA,MIA,1661.0
OMA,MSP,530.0
OMA,ORD,395.0
OMA,PGD,1621.0
OMA,PHX,489.75
OMA,SEA,1653.0
OMA,SLC,870.5
OMA,TPA,1609.0
ONT,ATL,951.5
ONT,DAL,1601.0
ONT,DEN,421.4
ONT,DFW,450.6
ONT,IAH,1609.0
ONT,JFK,1744.0
ONT,LAS,418.75
ONT,MCO,1705.0
ONT,MDW,1460.0
ONT,OAK,556.3333333333334
ONT,PDX,1584.0
ONT,PHX,431.75
ONT,SEA,453.8
ONT,SFO,425.0
ONT,SJC,791.5
ONT,SLC,587.6666666666666
ONT,SMF,561.0
ORD,ABE,1460.0
ORD,ABQ,920.5
ORD,ALB,1541.0
ORD,ALO,761.5
ORD,ASE,318.0
ORD,ATL,213.0
ORD,ATW,1460.0
ORD,AUS,344.6666666666667
ORD,AVL,1460.0
ORD,AVP,1460.0
ORD,AZO,509.3333333333333
ORD,BDL,781.5
ORD,BHM,1552.0
ORD,BMI,740.0
ORD,BNA,184.7
ORD,BOI,843.0
ORD,BOS,204.72727272727272
ORD,BTV,1549.0
ORD,BUF,1460.0
ORD,BWI,299.3333333333333
ORD,BZN,674.6666666666666
ORD,CGI,1460.0
ORD,CHA,740.0
ORD,CHS,572.6666666666666
ORD,CID,500.0
ORD,CKB,1460.0
ORD,CLE,401.5
ORD,CLT,215.7
ORD,CMH,248.2857142857143
ORD,CMI,756.0
ORD,CMX,767.5
ORD,COS,882.5
ORD,COU,1460.0
ORD,CVG,292.1666666666667
ORD,CWA,760.5
ORD,DAL,499.75
ORD,DAY,1460.0
ORD,DBQ,755.5
ORD,DCA,180.16666666666663
ORD,DEC,1460.0
ORD,DEN,262.0
ORD,DFW,211.69230769230768
ORD,DLH,740.0
ORD,DSM,500.0
ORD,DTW,172.63636363636363
ORD,EAR,1573.0
ORD,EAU,740.0
ORD,EGE,740.0
ORD,ELP,1671.0
ORD,EVV,1460.0
ORD,EWR,267.0
ORD,EYW,822.5
ORD,FAR,532.6666666666666
ORD,FAT,1460.0
ORD,FCA,1460.0
ORD,FLL,307.2
ORD,FNT,740.0
ORD,FSD,778.5
ORD,FWA,388.0
ORD,GEG,1671.0
ORD,GRB,500.0
ORD,GRR,260.0
ORD,GSO,790.0
ORD,GSP,740.0
ORD,HDN,895.5
ORD,HPN,740.0
ORD,HSV,740.0
ORD,IAD,575.3333333333334
ORD,IAH,333.0
ORD,ICT,409.75
ORD,IND,266.0
ORD,JAC,678.3333333333334
ORD,JAX,474.0
ORD,JFK,306.0
ORD,JLN,1554.0
ORD,JST,1460.0
ORD,LAN,512.6666666666667
ORD,LAS,328.125
ORD,LAX,335.08333333333326
ORD,LEX,797.5
ORD,LGA,166.5
ORD,LIT,1563.0
ORD,LNK,1460.0
ORD,LSE,763.0
ORD,LWB,1460.0
ORD,MBS,1460.0
ORD,MCI,338.6
ORD,MCO,211.84615384615387
ORD,MCW,1460.0
ORD,MDT,777.0
ORD,MEM,1460.0
ORD,MHK,789.5
ORD,MHT,1460.0
ORD,MIA,242.8
ORD,MKE,759.5
ORD,MKG,740.0
ORD,MLI,387.25
ORD,MQT,765.5
ORD,MSN,313.4
ORD,MSP,193.5
ORD,MSY,481.0
ORD,MTJ,1655.0
ORD,OKC,449.25
ORD,OMA,396.25
ORD,ORF,534.3333333333334
ORD,PAH,809.0
ORD,PBI,653.6666666666666
ORD,PDX,552.0
ORD,PHL,261.0
ORD,PHX,273.8461538461538
ORD,PIA,761.0
ORD,PIT,521.3333333333333
ORD,PSP,870.0
ORD,PVD,1460.0
ORD,PWM,789.0
ORD,RAP,1585.0
ORD,RDU,558.3333333333334
ORD,RIC,782.5
ORD,ROC,772.0
ORD,RST,1460.0
ORD,RSW,302.1
ORD,SAN,553.25
ORD,SAT,827.5
ORD,SAV,740.0
ORD,SBN,308.0
ORD,SDF,319.0
ORD,SEA,374.45454545454544
ORD,SFO,368.22222222222223
ORD,SGF,559.0
ORD,SJU,570.75
ORD,SLC,320.5
ORD,SLN,1574.0
ORD,SMF,862.0
ORD,SNA,565.25
ORD,SRQ,641.6666666666666
ORD,STL,420.75
ORD,STT,984.5
ORD,SUN,1460.0
ORD,SUX,1538.0
ORD,SYR,397.75
ORD,TOL,758.5
ORD,TPA,258.9
ORD,TUL,575.3333333333334
ORD,TUS,960.5
ORD,TVC,513.0
ORD,TYS,524.3333333333333
ORD,XNA,791.0
ORF,ATL,442.25
ORF,BNA,1594.0
ORF,BWI,549.0
ORF,CLT,438.5
ORF,DCA,531.6666666666667
ORF,DEN,873.0
ORF,DFW,928.5
ORF,DTW,740.0
ORF,EWR,438.5
ORF,IAD,542.3333333333334
ORF,IAH,1632.0
ORF,LGA,365.0
ORF,MCO,1555.0
ORF,MDW,1584.0
ORF,MIA,856.0
ORF,ORD,465.0
ORF,PHL,544.6666666666666
ORH,FLL,1629.0
ORH,JFK,758.5
ORH,PHL,1520.0
PAE,BOI,1518.0
PAE,GEG,1499.0
PAE,LAS,1578.0
PAE,PHX,1604.0
PAE,PSP,1595.0
PAH,ORD,770.0
PBG,FLL,1626.0
PBG,IAD,823.5
PBG,SFB,1620.0
PBI,ACY,1592.0
PBI,ATL,258.8888888888889
PBI,BDL,1595.0
PBI,BOS,431.6
PBI,BWI,618.6666666666667
PBI,CLT,474.5
PBI,DCA,420.0
PBI,DFW,659.3333333333334
PBI,DTW,1603.0
PBI,EWR,332.33333333333337
PBI,HPN,656.3333333333334
PBI,IAD,865.0
PBI,IAH,879.5
PBI,ISP,485.5
PBI,JFK,305.8571428571429
PBI,LAX,1776.0
PBI,LGA,374.5
PBI,ORD,554.6666666666666
PBI,PHL,436.2
PBI,PVD,1595.0
PBI,TTN,869.0
PDX,ABQ,1603.0
PDX,ATL,985.5
PDX,AUS,1659.0
PDX,BOI,548.6666666666666
PDX,BOS,1748.0
PDX,BUR,1567.0
PDX,CLT,1728.0
PDX,DAL,1663.0
PDX,DCA,1718.0
PDX,DEN,288.1
PDX,DFW,580.75
PDX,EWR,1011.0
PDX,FAT,1547.0
PDX,GEG,789.5
PDX,IAD,1710.0
PDX,IAH,954.0
PDX,JFK,653.0
PDX,LAS,300.625
PDX,LAX,264.6
PDX,MCI,1636.0
PDX,MCO,1748.0
PDX,MDW,1665.0
PDX,MFR,1500.0
PDX,MSP,911.0
PDX,OAK,457.5
PDX,ONT,1565.0
PDX,ORD,576.75
PDX,PHX,287.5
PDX,PSP,465.75
PDX,RNO,801.5
PDX,SAN,498.25
PDX,SEA,135.1764705882353
PDX,SFO,306.2857142857143
PDX,SJC,330.3333333333333
PDX,SLC,462.25
PDX,SMF,446.5
PDX,SNA,578.6666666666666
PDX,STL,1658.0
PDX,STS,812.5
PDX,TPA,1752.0
PDX,TUS,1598.0
PGD,BLV,1580.0
PGD,CID,1614.0
PGD,CVG,1569.0
PGD,FNT,1602.0
PGD,FWA,1585.0
PGD,GRR,1601.0
PGD,IND,1585.0
PGD,LCK,1576.0
PGD,MCI,1610.0
PGD,OMA,1628.0
PGD,PSM,1611.0
PGD,SDF,1573.0
PGD,STC,1640.0
PGV,CLT,546.0
PHF,CLT,437.5
PHF,PHL,1499.0
PHL,ALB,1509.0
PHL,ART,1510.0
PHL,ATL,248.54545454545456
PHL,AUS,982.0
PHL,AVL,1545.0
PHL,BDL,777.5
PHL,BGR,815.5
PHL,BHM,1584.0
PHL,BNA,406.6
PHL,BOS,265.1428571428572
PHL,BTV,797.5
PHL,BUF,794.0
PHL,CAE,1547.0
PHL,CAK,1534.0
PHL,CHS,830.5
PHL,CLE,817.5
PHL,CLT,278.375
PHL,CMH,580.6666666666666
PHL,CVG,591.0
PHL,DAB,1580.0
PHL,DAL,1460.0
PHL,DAY,590.3333333333333
PHL,DCA,529.0
PHL,DEN,546.4
PHL,DFW,413.5
PHL,DTW,343.0
PHL,EYW,900.5
PHL,FLL,340.57142857142856
PHL,FWA,1565.0
PHL,GSO,809.0
PHL,GSP,827.5
PHL,IAD,775.0
PHL,IAH,947.0
PHL,ILM,1529.0
PHL,IND,850.0
PHL,ISP,1490.0
PHL,JAX,847.0
PHL,JFK,1490.0
PHL,LAS,606.5
PHL,LAX,590.8333333333333
PHL,MCI,923.5
PHL,MCO,222.16666666666669
PHL,MDT,526.3333333333333
PHL,MDW,799.5
PHL,MEM,1631.0
PHL,MHT,791.5
PHL,MIA,319.33333333333337
PHL,MKE,801.0
PHL,MSN,1585.0
PHL,MSP,540.25
PHL,MSY,920.0
PHL,MYR,814.0
PHL,ORD,277.1428571428572
PHL,ORF,542.0
PHL,ORH,1504.0
PHL,PBI,441.4
PHL,PHF,1501.0
PHL,PHX,609.8
PHL,PIT,431.25
PHL,PNS,1617.0
PHL,PVD,781.5
PHL,PWM,797.5
PHL,RDU,443.75
PHL,RIC,532.6666666666666
PHL,ROA,1517.0
PHL,ROC,790.5
PHL,RSW,457.0
PHL,SAN,1793.0
PHL,SAV,837.5
PHL,SBY,1488.0
PHL,SCE,794.0
PHL,SDF,851.0
PHL,SEA,1083.0
PHL,SFO,1089.0
PHL,SJU,448.83333333333326
PHL,SLC,1026.5
PHL,SRQ,880.5
PHL,STL,519.5
PHL,STT,1646.0
PHL,SYR,785.5
PHL,TPA,337.375
PHL,TYS,839.0
PHX,ABQ,356.4
PHX,ACV,1582.0
PHX,ASE,1460.0
PHX,ATL,404.28571428571433
PHX,AUS,302.625
PHX,BFL,1524.0
PHX,BIL,1460.0
PHX,BIS,1613.0
PHX,BNA,553.75
PHX,BOI,497.5
PHX,BOS,981.0
PHX,BUF,1654.0
PHX,BUR,327.6666666666667
PHX,BWI,956.5
PHX,CID,1612.0
PHX,CLE,686.3333333333333
PHX,CLT,504.4
PHX,CMH,679.0
PHX,COS,820.5
PHX,CVG,914.5
PHX,DAL,367.5
PHX,DCA,842.0
PHX,DEN,185.94444444444449
PHX,DFW,237.66666666666669
PHX,DRO,1520.0
PHX,DSM,816.5
PHX,DTW,487.6
PHX,EGE,1548.0
PHX,ELP,309.8333333333333
PHX,EUG,1460.0
PHX,EWR,452.1666666666666
PHX,FAR,1460.0
PHX,FAT,1534.0
PHX,FLG,767.0
PHX,FLL,957.5
PHX,GEG,646.6666666666666
PHX,GJT,1531.0
PHX,GRR,1631.0
PHX,HOU,503.75
PHX,IAD,950.0
PHX,IAH,321.0
PHX,ICT,1565.0
PHX,IDA,1571.0
PHX,IND,661.0
PHX,JFK,733.0
PHX,LAS,246.5
PHX,LAX,159.61111111111111
PHX,LBB,1536.0
PHX,LGA,1718.0
PHX,LGB,437.75
PHX,LIT,1589.0
PHX,MAF,1534.0
PHX,MCI,432.4
PHX,MCO,468.1666666666666
PHX,MDW,318.2857142857143
PHX,MEM,1604.0
PHX,MFR,1584.0
PHX,MIA,712.3333333333333
PHX,MKE,443.4
PHX,MRY,1557.0
PHX,MSN,1628.0
PHX,MSP,385.6666666666667
PHX,MSY,888.0
PHX,MTJ,1527.0
PHX,OAK,403.6
PHX,OKC,601.3333333333333
PHX,OMA,478.0
PHX,ONT,417.5
PHX,ORD,241.0
PHX,PAE,1644.0
PHX,PDX,316.5
PHX,PHL,526.6
PHX,PIT,938.5
PHX,PSP,532.0
PHX,RDM,871.0
PHX,RDU,1460.0
PHX,RNO,592.6666666666667
PHX,ROW,1521.0
PHX,SAF,1513.0
PHX,SAN,249.5
PHX,SAT,478.5
PHX,SBA,1530.0
PHX,SBP,816.0
PHX,SDF,1621.0
PHX,SEA,257.0
PHX,SFO,251.1818181818182
PHX,SGU,1507.0
PHX,SJC,399.6
PHX,SLC,214.41666666666669
PHX,SMF,363.0
PHX,SNA,281.2857142857143
PHX,STL,422.0
PHX,STS,1460.0
PHX,TPA,937.5
PHX,TUL,609.6666666666667
PHX,TUS,524.6666666666667
PHX,YUM,768.0
PIA,AZA,1641.0
PIA,CLT,823.5
PIA,DFW,860.0
PIA,FLL,1617.0
PIA,ORD,753.5
PIA,PIE,1591.0
PIB,IAH,1460.0
PIE,ABE,1581.0
PIE,FAR,1652.0
PIE,FNT,1591.0
PIE,GRR,1593.0
PIE,MCI,1603.0
PIE,PIA,1594.0
PIE,PVU,1706.0
PIE,SGF,1585.0
PIE,SYR,1595.0
PIE,TYS,1527.0
PIH,SLC,1492.0
PIT,ATL,390.4
PIT,BNA,825.0
PIT,BOS,545.3333333333334
PIT,BWI,776.0
PIT,CLT,325.8333333333333
PIT,DAL,1644.0
PIT,DCA,540.6666666666666
PIT,DEN,706.6666666666666
PIT,DFW,926.5
PIT,DTW,780.5
PIT,EWR,351.2
PIT,FLL,518.0
PIT,HOU,1645.0
PIT,IAD,538.3333333333334
PIT,IAH,923.0
PIT,JFK,439.25
PIT,LAS,1009.5
PIT,LAX,1759.0
PIT,LGA,362.2
PIT,MCO,313.375
PIT,MDW,778.0
PIT,MIA,447.4
PIT,MSP,802.5
PIT,ORD,529.6666666666667
PIT,PHL,421.25
PIT,PHX,1007.5
PIT,RDU,1516.0
PIT,RSW,442.4
PIT,SEA,1767.0
PIT,SRQ,1589.0
PIT,STL,1460.0
PIT,TPA,470.5
PLN,DTW,1508.0
PNS,ATL,351.0
PNS,BNA,797.5
PNS,CLT,452.75
PNS,DAL,1550.0
PNS,DCA,836.0
PNS,DEN,1620.0
PNS,DFW,476.75
PNS,HOU,1537.0
PNS,IAH,819.0
PNS,LGA,1583.0
PNS,MCO,1521.0
PNS,MIA,548.3333333333334
PNS,PHL,1581.0
PNS,STL,1541.0
PRC,DEN,1538.0
PRC,LAX,1516.0
PSC,DEN,797.0
PSC,MSP,1620.0
PSC,SEA,303.3333333333333
PSC,SFO,1550.0
PSC,SLC,812.0
PSE,JFK,1460.0
PSE,MCO,908.0
PSM,PGD,1651.0
PSP,AUS,1592.0
PSP,BNA,1645.0
PSP,BOI,1567.0
PSP,BOS,1731.0
PSP,DAL,1596.0
PSP,DEN,417.4
PSP,DFW,633.6666666666666
PSP,IAH,891.0
PSP,JFK,1718.0
PSP,LAS,1499.0
PSP,LAX,1486.0
PSP,MSP,1639.0
PSP,OAK,806.0
PSP,ORD,740.0
PSP,PAE,1615.0
PSP,PDX,511.25
PSP,PHX,545.3333333333334
PSP,SEA,422.8
PSP,SFO,252.25
PSP,SJC,1460.0
PSP,SLC,826.5
PSP,SMF,1529.0
PUB,DEN,1489.0
PUW,SEA,769.5
PVD,ATL,876.0
PVD,BWI,564.6666666666666
PVD,CLT,616.3333333333333
PVD,DCA,451.5
PVD,DTW,857.0
PVD,EWR,410.25
PVD,FLL,908.5
PVD,IAD,813.0
PVD,MCO,332.7142857142857
PVD,MDW,1460.0
PVD,ORD,740.0
PVD,PBI,1626.0
PVD,PHL,799.0
PVD,RSW,907.0
PVD,TPA,665.0
PVU,PIE,1669.0
PWM,ATL,1614.0
PWM,BWI,592.0
PWM,CLT,878.0
PWM,DCA,588.6666666666666
PWM,DTW,1582.0
PWM,EWR,563.0
PWM,IAD,828.0
PWM,JFK,1514.0
PWM,ORD,828.0
PWM,PHL,821.5
PWM,TPA,1657.0
RAP,AZA,1569.0
RAP,DEN,407.5
RAP,DFW,1578.0
RAP,MSP,774.0
RAP,ORD,1460.0
RDD,LAX,1531.0
RDD,SEA,1553.0
RDD,SFO,540.3333333333334
RDM,DEN,860.0
RDM,LAX,740.0
RDM,PHX,850.5
RDM,SEA,303.66666666666663
RDM,SFO,546.6666666666666
RDM,SLC,778.0
RDU,ATL,260.25
RDU,AUS,919.5
RDU,BNA,817.0
RDU,BOS,307.1428571428572
RDU,BWI,545.3333333333334
RDU,CLT,295.3333333333333
RDU,DAL,1620.0
RDU,DCA,537.0
RDU,DEN,527.4
RDU,DFW,547.5
RDU,DTW,580.0
RDU,EWR,283.7142857142857
RDU,FLL,788.0
RDU,IAD,778.5
RDU,IAH,899.5
RDU,JFK,259.875
RDU,LAS,1036.0
RDU,LAX,1775.0
RDU,LGA,291.2857142857143
RDU,MCO,324.1666666666667
RDU,MDW,793.0
RDU,MIA,311.7142857142857
RDU,MSP,887.5
RDU,ORD,375.4
RDU,PHL,435.75
RDU,PHX,1741.0
RDU,PIT,1512.0
RDU,SEA,1071.0
RDU,SFO,1793.0
RDU,SJU,909.5
RDU,SLC,1716.0
RDU,STL,1460.0
RDU,TPA,467.75
RFD,AZA,1654.0
RHI,MSP,778.0
RIC,ATL,338.1666666666667
RIC,BOS,544.0
RIC,CLT,312.0
RIC,DEN,972.0
RIC,DFW,921.5
RIC,DTW,1540.0
RIC,EWR,362.4
RIC,FLL,796.5
RIC,IAD,528.3333333333333
RIC,IAH,1641.0
RIC,JFK,1512.0
RIC,LGA,429.0
RIC,MCO,532.0
RIC,MIA,861.0
RIC,MSP,1620.0
RIC,ORD,798.5
RIC,PHL,537.3333333333334
RIC,SRQ,1569.0
RIC,TPA,1566.0
RIW,DEN,793.0
RKS,DEN,1511.0
RNO,ATL,1693.0
RNO,AUS,1625.0
RNO,BUR,1515.0
RNO,DEN,419.0
RNO,DFW,667.6666666666666
RNO,IAH,1634.0
RNO,JFK,1728.0
RNO,LAS,312.0
RNO,LAX,226.77777777777777
RNO,LGB,1524.0
RNO,OAK,1494.0
RNO,PDX,816.5
RNO,PHX,576.3333333333334
RNO,SAN,807.0
RNO,SEA,564.0
RNO,SFO,425.25
RNO,SJC,1500.0
RNO,SLC,564.6666666666666
RNO,SNA,1528.0
ROA,ATL,801.5
ROA,CLT,303.8333333333333
ROA,IAD,778.5
ROA,LGA,1517.0
ROA,PHL,1508.0
ROC,ATL,857.5
ROC,BOS,1460.0
ROC,BWI,793.0
ROC,CLT,593.0
ROC,DCA,557.0
ROC,DTW,801.0
ROC,EWR,354.0
ROC,IAD,763.5
ROC,JFK,417.5
ROC,MCO,645.3333333333334
ROC,MIA,1635.0
ROC,ORD,436.75
ROC,PHL,767.5
ROC,TPA,891.0
ROW,DFW,803.0
ROW,PHX,1536.0
RST,MSP,761.5
RST,ORD,1507.0
RSW,ACY,867.0
RSW,ATL,238.33333333333331
RSW,AUS,889.5
RSW,BDL,644.0
RSW,BNA,1561.0
RSW,BOS,424.0
RSW,BUF,886.5
RSW,BWI,500.75
RSW,CLE,394.1666666666666
RSW,CLT,403.6
RSW,CMH,312.8571428571429
RSW,CVG,502.75
RSW,DAL,1600.0
RSW,DCA,494.0
RSW,DEN,527.0
RSW,DFW,524.75
RSW,DTW,364.0
RSW,EWR,366.0
RSW,GRR,895.0
RSW,HOU,1582.0
RSW,HPN,1612.0
RSW,IAD,617.6666666666667
RSW,IAH,618.6666666666667
RSW,IND,387.3333333333333
RSW,ISP,1599.0
RSW,JFK,599.6666666666667
RSW,LAX,1753.0
RSW,LBE,1460.0
RSW,LGA,878.5
RSW,MCI,899.0
RSW,MCO,770.0
RSW,MDW,417.5
RSW,MHT,1460.0
RSW,MKE,400.6666666666666
RSW,MSP,411.83333333333337
RSW,ORD,256.8181818181818
RSW,PHL,394.33333333333337
RSW,PIT,430.4
RSW,PVD,885.0
RSW,SDF,853.5
RSW,SEA,1810.0
RSW,SFO,1803.0
RSW,STL,438.4
SAF,DFW,553.0
SAF,PHX,1515.0
SAN,ABQ,1540.0
SAN,ATL,515.6
SAN,AUS,517.5
SAN,BNA,941.5
SAN,BOI,851.0
SAN,BOS,1731.0
SAN,BWI,1700.0
SAN,CLT,721.3333333333333
SAN,DAL,520.25
SAN,DEN,296.0
SAN,DFW,363.7142857142857
SAN,DTW,1667.0
SAN,EWR,645.5
SAN,FAT,1515.0
SAN,FLL,986.0
SAN,GEG,1601.0
SAN,HDN,1591.0
SAN,HOU,889.0
SAN,IAD,1714.0
SAN,IAH,528.0
SAN,JAC,1594.0
SAN,JFK,519.2
SAN,LAS,266.2857142857143
SAN,LAX,771.0
SAN,MCI,1610.0
SAN,MCO,1696.0
SAN,MDW,740.0
SAN,MIA,1704.0
SAN,MRY,1460.0
SAN,MSP,923.0
SAN,MSY,1640.0
SAN,OAK,374.4
SAN,ORD,468.2
SAN,PDX,517.5
SAN,PHL,1713.0
SAN,PHX,251.25
SAN,RNO,814.0
SAN,SAT,1583.0
SAN,SBP,1504.0
SAN,SEA,299.0
SAN,SFO,240.11111111111111
SAN,SJC,255.375
SAN,SLC,355.5
SAN,SMF,297.57142857142856
SAN,STL,914.0
SAN,STS,1537.0
SAN,TUS,1514.0
SAT,ABQ,1547.0
SAT,ATL,412.8
SAT,BNA,835.5
SAT,BWI,1616.0
SAT,CLT,873.0
SAT,COS,1568.0
SAT,DAL,543.0
SAT,DEN,304.0
SAT,DFW,243.5
SAT,DTW,1602.0
SAT,ELP,819.0
SAT,EWR,1638.0
SAT,FLL,1593.0
SAT,HOU,536.6666666666666
SAT,IAD,890.0
SAT,IAH,264.0
SAT,JFK,1661.0
SAT,LAS,531.0
SAT,LAX,559.0
SAT,MCO,506.5
SAT,MDW,1460.0
SAT,MIA,1594.0
SAT,MSP,1585.0
SAT,MSY,1524.0
SAT,ORD,798.0
SAT,PHX,509.5
SAT,SAN,1629.0
SAT,SEA,1706.0
SAT,SFO,1664.0
SAT,SLC,1605.0
SAT,STL,1550.0
SAT,TPA,857.0
SAV,ATL,338.6
SAV,BNA,1532.0
SAV,BOS,1596.0
SAV,BWI,816.0
SAV,CLT,359.2
SAV,DAL,1460.0
SAV,DCA,811.0
SAV,DEN,1666.0
SAV,DFW,646.6666666666666
SAV,EWR,483.0
SAV,HOU,1592.0
SAV,IAD,818.5
SAV,IAH,869.5
SAV,JFK,565.0
SAV,LGA,835.0
SAV,MDW,1575.0
SAV,MIA,773.5
SAV,ORD,804.0
SAV,PHL,840.0
SBA,DEN,506.0
SBA,DFW,1615.0
SBA,LAS,548.3333333333334
SBA,LAX,1481.0
SBA,OAK,1507.0
SBA,PHX,809.5
SBA,SEA,1601.0
SBA,SFO,546.3333333333334
SBN,ATL,837.5
SBN,CLT,818.5
SBN,DFW,896.5
SBN,DTW,753.5
SBN,ORD,387.75
SBN,SFB,1586.0
SBP,DEN,872.5
SBP,DFW,1620.0
SBP,LAX,776.5
SBP,PHX,812.5
SBP,SAN,1507.0
SBP,SEA,1590.0
SBP,SFO,757.5
SBY,CLT,810.5
SBY,PHL,1493.0
SCE,DTW,1520.0
SCE,IAD,768.0
SCE,PHL,754.5
SCK,LAS,1518.0
SDF,ATL,357.6
SDF,BWI,1526.0
SDF,CLT,437.25
SDF,DAL,1581.0
SDF,DCA,815.0
SDF,DEN,907.5
SDF,DFW,642.6666666666666
SDF,DTW,765.0
SDF,EWR,835.0
SDF,FLL,1460.0
SDF,IAD,812.0
SDF,IAH,1606.0
SDF,LAS,969.0
SDF,LAX,1460.0
SDF,LGA,597.0
SDF,MCO,481.5
SDF,MIA,866.5
SDF,MSP,1557.0
SDF,ORD,343.4
SDF,PGD,1570.0
SDF,PHL,822.0
SDF,PHX,1693.0
SDF,RSW,798.5
SDF,TPA,847.5
SEA,ABQ,1602.0
SEA,ALW,779.5
SEA,ATL,421.125
SEA,AUS,709.3333333333333
SEA,BIL,842.5
SEA,BLI,405.25
SEA,BNA,971.5
SEA,BOI,208.72727272727272
SEA,BOS,578.0
SEA,BUR,580.6666666666666
SEA,BWI,1460.0
SEA,BZN,582.3333333333334
SEA,CLT,1721.0
SEA,CMH,1700.0
SEA,CVG,962.0
SEA,DAL,841.5
SEA,DCA,999.5
SEA,DEN,238.7692307692308
SEA,DFW,428.1428571428572
SEA,DTW,482.8
SEA,EAT,764.5
SEA,ELP,1626.0
SEA,EUG,351.8
SEA,EWR,579.5
SEA,FAT,612.6666666666667
SEA,FCA,801.5
SEA,FLL,1057.0
SEA,GEG,177.83333333333334
SEA,GTF,1541.0
SEA,HDN,1582.0
SEA,HLN,1534.0
SEA,IAD,667.6666666666666
SEA,IAH,527.4
SEA,ICT,1637.0
SEA,IDA,1547.0
SEA,IND,1675.0
SEA,JAC,829.0
SEA,JFK,456.4285714285714
SEA,LAS,223.91666666666669
SEA,LAX,224.7692307692308
SEA,MCI,558.3333333333334
SEA,MCO,606.0
SEA,MFR,290.0
SEA,MIA,1772.0
SEA,MKE,1665.0
SEA,MRY,1566.0
SEA,MSO,562.0
SEA,MSP,406.8
SEA,MSY,1708.0
SEA,OAK,405.2
SEA,OKC,1642.0
SEA,OMA,1624.0
SEA,ONT,428.0
SEA,ORD,297.1818181818182
SEA,PDX,126.44444444444444
SEA,PHL,1009.0
SEA,PHX,214.8235294117647
SEA,PIT,1695.0
SEA,PSC,293.3333333333333
SEA,PSP,436.4
SEA,PUW,783.0
SEA,RDD,1548.0
SEA,RDM,260.42857142857144
SEA,RDU,1004.0
SEA,RNO,574.6666666666666
SEA,RSW,1776.0
SEA,SAN,295.3333333333333
SEA,SAT,1668.0
SEA,SBA,1578.0
SEA,SBP,1572.0
SEA,SFO,200.46666666666667
SEA,SJC,313.57142857142856
SEA,SLC,248.55555555555557
SEA,SMF,306.8571428571429
SEA,SNA,317.7142857142857
SEA,STL,946.0
SEA,STS,828.5
SEA,SUN,778.5
SEA,TPA,693.6666666666666
SEA,TUS,595.3333333333333
SEA,YKM,763.0
SFB,ABE,1583.0
SFB,AVL,802.5
SFB,FNT,1588.0
SFB,FSD,1641.0
SFB,GRR,1590.0
SFB,HTS,1545.0
SFB,IND,1569.0
SFB,LCK,1558.0
SFB,MDT,1561.0
SFB,OKC,1618.0
SFB,PBG,1603.0
SFB,SBN,1584.0
SFB,TYS,1527.0
SFB,USA,1521.0
SFO,ABQ,1579.0
SFO,ACV,783.0
SFO,ASE,854.0
SFO,ATL,550.0
SFO,AUS,553.75
SFO,BDL,1752.0
SFO,BFL,1505.0
SFO,BIH,1507.0
SFO,BNA,1691.0
SFO,BOI,384.0
SFO,BOS,600.4
SFO,BUR,348.6
SFO,BWI,1737.0
SFO,BZN,612.3333333333333
SFO,CLE,1706.0
SFO,CLT,766.3333333333333
SFO,DAL,1647.0
SFO,DCA,1735.0
SFO,DEN,289.4
SFO,DFW,436.5
SFO,DTW,740.0
SFO,EGE,1583.0
SFO,EUG,809.5
SFO,EWR,441.6
SFO,FAT,521.3333333333333
SFO,FLL,667.0
SFO,GEG,838.0
SFO,IAD,572.0
SFO,IAH,443.0
SFO,IND,1689.0
SFO,JAC,614.3333333333333
SFO,JFK,379.46153846153845
SFO,LAS,195.7692307692308
SFO,LAX,134.55
SFO,MCO,655.75
SFO,MFR,557.3333333333334
SFO,MIA,664.75
SFO,MRY,1482.0
SFO,MSP,691.0
SFO,MTJ,1576.0
SFO,ONT,437.25
SFO,ORD,338.125
SFO,PDX,308.2857142857143
SFO,PHL,1025.0
SFO,PHX,241.27272727272725
SFO,PSC,1551.0
SFO,PSP,249.125
SFO,RDD,524.6666666666667
SFO,RDM,568.0
SFO,RDU,1733.0
SFO,RNO,416.25
SFO,RSW,1742.0
SFO,SAN,246.88888888888889
SFO,SAT,1640.0
SFO,SBA,546.0
SFO,SBP,784.0
SFO,SEA,223.42857142857144
SFO,SLC,249.9
SFO,SMF,506.6666666666667
SFO,SNA,280.8571428571429
SFO,STL,1657.0
SFO,STS,1460.0
SFO,SUN,1559.0
SFO,TPA,768.6666666666667
SFO,TUS,567.0
SGF,ATL,818.5
SGF,CLT,596.6666666666667
SGF,DEN,487.5
SGF,DFW,374.2
SGF,ORD,539.6666666666666
SGF,PIE,1564.0
SGU,DEN,779.5
SGU,PHX,1502.0
SGU,SLC,549.6666666666666
SHD,IAD,1487.0
SHD,ORD,1551.0
SHR,DEN,771.5
SHV,ATL,572.3333333333334
SHV,CLT,599.0
SHV,DFW,422.25
SHV,IAH,1502.0
SHV,LAX,1671.0
SJC,ATL,1700.0
SJC,AUS,908.0
SJC,BNA,1718.0
SJC,BOI,817.5
SJC,BUR,345.6
SJC,DAL,1630.0
SJC,DEN,388.6666666666666
SJC,DFW,1632.0
SJC,GEG,849.0
SJC,HOU,1659.0
SJC,IAH,929.5
SJC,JFK,1749.0
SJC,LAS,366.8
SJC,LAX,191.72727272727272
SJC,LGB,553.0
SJC,MSP,1647.0
SJC,ONT,789.0
SJC,PDX,333.8333333333333
SJC,PHX,394.4
SJC,PSP,1460.0
SJC,RNO,1502.0
SJC,SAN,253.25
SJC,SEA,308.625
SJC,SLC,587.3333333333334
SJC,SNA,556.0
SJC,STL,1665.0
SJT,DFW,417.5
SJU,ATL,700.6666666666666
SJU,AUS,1736.0
SJU,BDL,853.5
SJU,BNA,1689.0
SJU,BOS,496.6
SJU,BUF,1717.0
SJU,BWI,963.0
SJU,CLT,702.3333333333333
SJU,DCA,1666.0
SJU,DFW,1733.0
SJU,EWR,421.125
SJU,FLL,365.0
SJU,HOU,1711.0
SJU,IAD,962.5
SJU,IAH,991.5
SJU,JFK,372.6363636363636
SJU,LGA,1460.0
SJU,MCO,264.3529411764706
SJU,MDW,1460.0
SJU,MIA,444.6
SJU,MSP,1767.0
SJU,ORD,588.5
SJU,PHL,482.83333333333326
SJU,RDU,928.0
SJU,STL,1720.0
SJU,STT,1479.0
SJU,TPA,500.25
SLC,ABQ,810.0
SLC,ATL,411.4285714285714
SLC,AUS,444.2
SLC,BIL,805.5
SLC,BNA,905.0
SLC,BOI,550.3333333333334
SLC,BOS,730.3333333333333
SLC,BTM,1525.0
SLC,BUR,469.0
SLC,BWI,942.0
SLC,BZN,561.3333333333334
SLC,CDC,1491.0
SLC,CLE,1638.0
SLC,CLT,695.0
SLC,COS,571.0
SLC,CPR,1517.0
SLC,CVG,1623.0
SLC,DAL,1588.0
SLC,DCA,1658.0
SLC,DEN,186.5
SLC,DFW,389.0
SLC,DSM,1587.0
SLC,DTW,616.0
SLC,EKO,1491.0
SLC,EUG,835.5
SLC,EWR,715.3333333333333
SLC,FAT,811.5
SLC,FCA,824.0
SLC,FLL,980.5
SLC,GEG,826.0
SLC,GJT,538.6666666666666
SLC,GTF,812.5
SLC,HLN,1527.0
SLC,HOU,1614.0
SLC,IAD,1668.0
SLC,IAH,418.33333333333337
SLC,IDA,776.0
SLC,IND,1619.0
SLC,JAC,777.0
SLC,JFK,529.2
SLC,LAS,276.7142857142857
SLC,LAX,222.3333333333333
SLC,LGB,557.3333333333334
SLC,LWS,814.0
SLC,MCI,1577.0
SLC,MCO,612.75
SLC,MDW,1606.0
SLC,MEM,1611.0
SLC,MFR,783.5
SLC,MIA,981.5
SLC,MKE,1620.0
SLC,MSO,819.0
SLC,MSP,503.0
SLC,OAK,462.0
SLC,OKC,1575.0
SLC,OMA,855.0
SLC,ONT,577.3333333333334
SLC,ORD,270.2857142857143
SLC,PDX,477.75
SLC,PHL,951.0
SLC,PHX,206.8333333333333
SLC,PIH,1491.0
SLC,PSC,820.0
SLC,PSP,815.0
SLC,RDM,822.5
SLC,RDU,1662.0
SLC,RNO,561.3333333333334
SLC,SAN,341.3333333333333
SLC,SAT,1588.0
SLC,SEA,265.22222222222223
SLC,SFO,259.4
SLC,SGU,539.6666666666666
SLC,SJC,465.75
SLC,SMF,457.75
SLC,SNA,459.5
SLC,STL,882.5
SLC,SUN,781.0
SLC,TPA,964.5
SLC,TUL,1578.0
SLC,TUS,823.0
SLC,TWF,1493.0
SLN,DEN,1524.0
SLN,ORD,1532.0
SMF,ATL,978.0
SMF,AUS,1634.0
SMF,BOI,807.0
SMF,BUR,434.75
SMF,CLT,1707.0
SMF,DAL,1632.0
SMF,DEN,282.5
SMF,DFW,677.3333333333334
SMF,GEG,1551.0
SMF,HOU,1646.0
SMF,IAD,1718.0
SMF,IAH,1654.0
SMF,JFK,1741.0
SMF,LAS,238.88888888888889
SMF,LAX,193.45454545454544
SMF,LGB,441.0
SMF,MDW,1667.0
SMF,MSP,1643.0
SMF,ONT,555.6666666666666
SMF,ORD,844.0
SMF,PDX,453.0
SMF,PHX,344.8333333333333
SMF,PSP,1531.0
SMF,SAN,293.42857142857144
SMF,SEA,317.57142857142856
SMF,SFO,527.6666666666667
SMF,SLC,457.0
SMF,SNA,427.0
SMF,STL,1657.0
SNA,ASE,1567.0
SNA,ATL,948.0
SNA,AUS,1594.0
SNA,BNA,1655.0
SNA,DAL,1614.0
SNA,DEN,342.1428571428572
SNA,DFW,448.4
SNA,EWR,1006.5
SNA,HOU,1619.0
SNA,IAH,654.3333333333334
SNA,JFK,1742.0
SNA,LAS,236.625
SNA,MSP,1642.0
SNA,OAK,322.0
SNA,ORD,525.25
SNA,PDX,590.3333333333333
SNA,PHX,278.42857142857144
SNA,RNO,1531.0
SNA,SEA,354.0
SNA,SFO,289.2857142857143
SNA,SJC,557.3333333333334
SNA,SLC,475.5
SNA,SMF,446.75
SNA,STL,1637.0
SNA,STS,1534.0
SPI,DFW,869.5
SPN,GUM,1488.0
SPS,DFW,757.5
SRQ,ATL,377.6
SRQ,AUS,873.5
SRQ,BNA,836.0
SRQ,BOS,1460.0
SRQ,BWI,859.5
SRQ,CLE,1582.0
SRQ,CLT,463.5
SRQ,CMH,1571.0
SRQ,CVG,1572.0
SRQ,DAL,1603.0
SRQ,DCA,606.3333333333333
SRQ,DEN,950.0
SRQ,DFW,888.0
SRQ,DTW,1460.0
SRQ,EWR,368.57142857142856
SRQ,FNT,1594.0
SRQ,HOU,1574.0
SRQ,IAD,1576.0
SRQ,IAH,1591.0
SRQ,IND,617.6666666666667
SRQ,JFK,1460.0
SRQ,LGA,871.0
SRQ,MCI,1612.0
SRQ,MSP,1638.0
SRQ,ORD,605.6666666666667
SRQ,PHL,869.5
SRQ,PIT,1578.0
SRQ,RIC,1558.0
SRQ,STL,1583.0
STC,AZA,1613.0
STC,PGD,1655.0
STL,ATL,333.6666666666667
STL,AUS,864.0
STL,BNA,1515.0
STL,BOS,857.5
STL,BWI,588.6666666666666
STL,CLE,1523.0
STL,CLT,443.5
STL,CMH,1516.0
STL,DAL,479.75
STL,DCA,349.0
STL,DEN,321.125
STL,DFW,491.25
STL,DSM,1501.0
STL,DTW,423.25
STL,ECP,1551.0
STL,EWR,329.57142857142856
STL,FLL,423.6
STL,HOU,626.0
STL,IAD,838.5
STL,IAH,890.5
STL,ICT,1531.0
STL,JAX,1556.0
STL,LAS,492.0
STL,LAX,715.0
STL,LGA,368.1666666666667
STL,LGB,1690.0
STL,LIT,1513.0
STL,MCI,1460.0
STL,MCO,317.125
STL,MDW,759.5
STL,MIA,638.3333333333334
STL,MKE,1505.0
STL,MSP,565.6666666666666
STL,MSY,1551.0
STL,OAK,1687.0
STL,OKC,1543.0
STL,OMA,1512.0
STL,ORD,338.4
STL,PDX,1689.0
STL,PHL,453.25
STL,PHX,491.2
STL,PIT,1526.0
STL,PNS,1551.0
STL,RDU,1544.0
STL,RSW,442.0
STL,SAN,954.0
STL,SAT,1594.0
STL,SEA,979.0
STL,SFO,1688.0
STL,SJC,1683.0
STL,SJU,1696.0
STL,SLC,831.0
STL,SMF,1683.0
STL,SNA,1460.0
STL,SRQ,1581.0
STL,TPA,424.8
STL,TUL,1526.0
STS,LAX,802.0
STS,PDX,817.0
STS,PHX,1460.0
STS,SAN,1529.0
STS,SEA,835.0
STS,SFO,1460.0
STS,SNA,1529.0
STT,ATL,708.6666666666666
STT,BOS,1696.0
STT,CLT,946.5
STT,DFW,1760.0
STT,EWR,1706.0
STT,FLL,1619.0
STT,IAD,1677.0
STT,IAH,1728.0
STT,JFK,985.5
STT,MCO,910.0
STT,MIA,885.5
STT,ORD,906.0
STT,PHL,1701.0
STT,SJU,395.0
STX,ATL,1673.0
STX,CLT,1676.0
STX,FLL,1616.0
STX,MIA,894.0
SUN,DEN,1547.0
SUN,LAX,792.0
SUN,ORD,1460.0
SUN,SEA,794.0
SUN,SFO,1557.0
SUN,SLC,758.5
SUX,DEN,1540.0
SUX,ORD,1519.0
SWF,MCO,1616.0
SWO,DFW,1512.0
SYR,ATL,862.0
SYR,BOS,1502.0
SYR,BWI,556.0
SYR,CLT,842.0
SYR,DCA,800.5
SYR,DEN,1720.0
SYR,DFW,1706.0
SYR,DTW,819.5
SYR,EWR,784.5
SYR,IAD,796.5
SYR,JFK,763.0
SYR,MCO,817.5
SYR,MIA,1637.0
SYR,ORD,380.0
SYR,PHL,1506.0
SYR,PIE,1615.0
SYR,RSW,1622.0
TLH,ATL,543.3333333333334
TLH,CLT,562.3333333333334
TLH,DCA,1550.0
TLH,DFW,865.5
TLH,MIA,559.3333333333334
TOL,ORD,766.5
TPA,ACY,1574.0
TPA,ALB,887.0
TPA,ATL,180.86666666666667
TPA,AUS,440.6
TPA,BDL,527.0
TPA,BHM,1525.0
TPA,BNA,352.6666666666667
TPA,BOS,450.0
TPA,BUF,808.5
TPA,BWI,334.57142857142856
TPA,CAK,1569.0
TPA,CLE,425.0
TPA,CLT,386.4
TPA,CMH,461.75
TPA,CVG,604.6666666666667
TPA,DAL,442.6
TPA,DCA,362.8333333333333
TPA,DEN,408.625
TPA,DFW,363.4285714285714
TPA,DTW,316.2857142857143
TPA,EWR,332.125
TPA,FLL,759.5
TPA,GRR,872.5
TPA,HOU,613.0
TPA,HPN,1629.0
TPA,IAD,606.6666666666667
TPA,IAH,373.6666666666667
TPA,IND,379.6666666666667
TPA,ISP,634.0
TPA,JFK,344.1428571428572
TPA,LAS,676.6666666666666
TPA,LAX,796.0
TPA,LGA,335.625
TPA,MCI,646.6666666666666
TPA,MDW,500.0
TPA,MEM,1595.0
TPA,MHT,1460.0
TPA,MIA,291.3333333333333
TPA,MKE,393.0
TPA,MSP,669.3333333333334
TPA,MSY,574.6666666666666
TPA,OMA,1619.0
TPA,ORD,232.9090909090909
TPA,PHL,316.75
TPA,PHX,999.0
TPA,PIT,491.0
TPA,PVD,642.0
TPA,PWM,1614.0
TPA,RDU,463.0
TPA,RIC,1557.0
TPA,ROC,870.0
TPA,SAT,882.0
TPA,SDF,844.5
TPA,SEA,740.0
TPA,SFO,1061.0
TPA,SJU,528.25
TPA,SLC,995.5
TPA,STL,495.0
TRI,ATL,544.0
TRI,CLT,528.3333333333333
TRI,DFW,890.5
TTN,ATL,1584.0
TTN,CLT,1548.0
TTN,MCO,872.5
TTN,PBI,891.5
TUL,ATL,586.6666666666666
TUL,CLT,854.0
TUL,DAL,792.5
TUL,DEN,444.25
TUL,DFW,540.6666666666666
TUL,HOU,1540.0
TUL,IAH,584.6666666666666
TUL,LAS,1608.0
TUL,LAX,1638.0
TUL,MIA,1612.0
TUL,ORD,547.0
TUL,PHX,634.3333333333334
TUL,SLC,1597.0
TUL,STL,1507.0
TUS,ATL,906.0
TUS,DEN,378.6
TUS,DFW,407.2
TUS,HOU,1573.0
TUS,IAH,613.0
TUS,LAS,805.0
TUS,LAX,381.6
TUS,ORD,740.0
TUS,PDX,1624.0
TUS,PHX,526.3333333333333
TUS,SAN,1519.0
TUS,SEA,627.3333333333333
TUS,SFO,578.3333333333334
TUS,SLC,839.0
TVC,DTW,409.75
TVC,ORD,539.3333333333334
TWF,SLC,1496.0
TXK,DFW,548.6666666666666
TYR,DFW,528.6666666666667
TYS,ATL,414.75
TYS,CLT,342.8
TYS,DCA,801.0
TYS,DEN,1653.0
TYS,DFW,875.5
TYS,DTW,809.0
TYS,FLL,1555.0
TYS,IAD,565.0
TYS,IAH,627.6666666666667
TYS,LGA,1544.0
TYS,MIA,840.5
TYS,ORD,530.6666666666667
TYS,PHL,824.0
TYS,PIE,1532.0
TYS,SFB,1527.0
USA,FLL,1550.0
USA,SFB,1523.0
VCT,IAH,1460.0
VEL,DEN,776.0
VLD,ATL,790.0
VPS,ATL,423.75
VPS,BNA,1527.0
VPS,BWI,1565.0
VPS,CLT,567.3333333333334
VPS,DAL,841.0
VPS,DCA,1554.0
VPS,DFW,609.0
VPS,IAH,835.0
VPS,MSP,1598.0
XNA,ATL,814.0
XNA,AZA,1608.0
XNA,CLT,1550.0
XNA,DFW,289.57142857142856
XNA,EWR,1592.0
XNA,IAH,817.0
XNA,LGA,1597.0
XNA,MIA,1598.0
XNA,ORD,775.5
XWA,DEN,740.0
XWA,MSP,816.5
YKM,SEA,769.0
YUM,DFW,1577.0
YUM,PHX,776.5
